year,week_number,count_type,subtotal_sum,parish_sum,difference,absolute_difference,arithmetic_error,legible_only,legible
1635,50,buried,209,209,0,0,False,False,True
1635,50,plague,0,0,0,0,False,False,True
1636,20,buried,206,206,0,0,False,False,True
1636,20,plague,4,4,0,0,False,False,True
1636,21,buried,254,254,0,0,False,False,True
1636,21,plague,41,41,0,0,False,False,True
1636,22,buried,244,244,0,0,False,False,True
1636,22,plague,22,22,0,0,False,False,True
1636,23,buried,263,264,-1,1,True,False,True
1636,23,plague,39,39,0,0,False,False,True
1636,24,buried,276,276,0,0,False,False,True
1636,24,plague,51,51,0,0,False,False,True
1636,27,buried,257,257,0,0,False,False,True
1636,27,plague,65,65,0,0,False,False,True
1636,29,buried,265,265,0,0,False,False,True
1636,29,plague,64,64,0,0,False,False,True
1636,30,buried,298,298,0,0,False,False,True
1636,30,plague,86,86,0,0,False,False,True
1636,33,buried,394,394,0,0,False,False,True
1636,33,plague,181,181,0,0,False,False,True
1636,34,buried,465,465,0,0,False,False,True
1636,34,plague,244,244,0,0,False,False,True
1636,35,buried,546,546,0,0,False,False,False
1636,35,plague,284,284,0,0,False,False,False
1636,37,buried,835,835,0,0,False,False,True
1636,37,plague,536,536,0,0,False,False,True
1636,38,buried,921,921,0,0,False,False,True
1636,38,plague,567,567,0,0,False,False,True
1636,39,buried,1106,1106,0,0,False,False,True
1636,39,plague,728,728,0,0,False,False,True
1636,40,buried,1018,1018,0,0,False,False,True
1636,40,plague,645,645,0,0,False,False,True
1636,41,buried,1211,1211,0,0,False,False,True
1636,41,plague,796,796,0,0,False,False,True
1636,42,buried,1194,1194,0,0,False,False,True
1636,42,plague,790,790,0,0,False,False,True
1636,43,buried,1117,1117,0,0,False,False,True
1636,43,plague,682,682,0,0,False,False,True
1636,44,buried,855,855,0,0,False,False,True
1636,44,plague,476,476,0,0,False,False,True
1636,45,buried,779,779,0,0,False,False,False
1636,45,plague,404,404,0,0,False,False,False
1638,3,buried,219,219,0,0,False,False,True
1638,3,plague,1,1,0,0,False,False,True
1638,4,buried,208,208,0,0,False,False,False
1638,4,plague,1,1,0,0,False,False,False
1638,5,buried,219,219,0,0,False,False,True
1638,5,plague,0,0,0,0,False,False,True
1638,6,buried,222,222,0,0,False,False,False
1638,6,plague,0,0,0,0,False,False,False
1638,7,buried,198,198,0,0,False,False,True
1638,7,plague,0,0,0,0,False,False,True
1638,8,buried,232,232,0,0,False,False,True
1638,8,plague,1,1,0,0,False,False,True
1638,10,buried,213,213,0,0,False,False,True
1638,10,plague,2,2,0,0,False,False,True
1638,11,buried,190,190,0,0,False,False,True
1638,11,plague,0,0,0,0,False,False,True
1638,12,buried,204,204,0,0,False,False,True
1638,12,plague,0,0,0,0,False,False,True
1638,13,buried,230,232,-2,2,True,False,True
1638,13,plague,0,0,0,0,False,False,True
1638,14,buried,226,226,0,0,False,False,True
1638,14,plague,0,0,0,0,False,False,True
1638,25,buried,239,239,0,0,False,False,True
1638,25,plague,2,2,0,0,False,False,True
1638,27,buried,240,239,1,1,True,False,True
1638,27,plague,0,0,0,0,False,False,True
1638,28,buried,258,258,0,0,False,False,True
1638,28,plague,3,3,0,0,False,False,True
1638,29,buried,258,258,0,0,False,False,True
1638,29,plague,3,3,0,0,False,False,True
1638,30,buried,280,280,0,0,False,False,True
1638,30,plague,5,5,0,0,False,False,True
1638,31,buried,347,347,0,0,False,False,True
1638,31,plague,6,6,0,0,False,False,True
1638,32,buried,384,384,0,0,False,False,True
1638,32,plague,5,5,0,0,False,False,True
1638,33,buried,374,374,0,0,False,False,True
1638,33,plague,4,4,0,0,False,False,True
1638,34,buried,346,346,0,0,False,False,True
1638,34,plague,6,6,0,0,False,False,True
1638,36,buried,371,371,0,0,False,False,True
1638,36,plague,16,16,0,0,False,False,True
1638,37,buried,379,379,0,0,False,False,True
1638,37,plague,21,21,0,0,False,False,True
1638,38,buried,387,387,0,0,False,False,True
1638,38,plague,36,36,0,0,False,False,True
1638,39,buried,393,393,0,0,False,False,True
1638,39,plague,34,34,0,0,False,False,True
1638,40,buried,387,387,0,0,False,False,True
1638,40,plague,26,26,0,0,False,False,True
1638,41,buried,323,323,0,0,False,False,True
1638,41,plague,18,18,0,0,False,False,True
1638,42,buried,323,318,5,5,True,False,True
1638,42,plague,14,14,0,0,False,False,True
1638,43,buried,302,302,0,0,False,False,True
1638,43,plague,12,12,0,0,False,False,True
1638,44,buried,294,294,0,0,False,False,True
1638,44,plague,14,14,0,0,False,False,True
1638,45,buried,247,242,5,5,True,False,True
1638,45,plague,4,4,0,0,False,False,True
1638,48,buried,238,238,0,0,False,False,True
1638,48,plague,2,2,0,0,False,False,True
1638,49,buried,227,227,0,0,False,False,True
1638,49,plague,3,3,0,0,False,False,True
1638,50,buried,230,230,0,0,False,False,True
1638,50,plague,0,0,0,0,False,False,True
1639,15,buried,244,244,0,0,False,False,True
1639,15,plague,1,1,0,0,False,False,True
1639,16,buried,220,210,10,10,True,False,False
1639,16,plague,0,0,0,0,False,False,False
1639,17,buried,199,199,0,0,False,False,True
1639,17,plague,0,0,0,0,False,False,True
1639,18,buried,232,232,0,0,False,False,True
1639,18,plague,0,0,0,0,False,False,True
1639,19,buried,241,236,5,5,True,False,True
1639,19,plague,0,0,0,0,False,False,True
1639,20,buried,193,193,0,0,False,False,True
1639,20,plague,0,0,0,0,False,False,True
1639,21,buried,176,177,-1,1,True,False,True
1639,21,plague,0,0,0,0,False,False,True
1639,22,buried,179,179,0,0,False,False,True
1639,22,plague,1,1,0,0,False,False,True
1639,23,buried,174,174,0,0,False,False,True
1639,23,plague,1,1,0,0,False,False,True
1639,24,buried,187,187,0,0,False,False,False
1639,24,plague,1,1,0,0,False,False,False
1639,25,buried,147,147,0,0,False,False,True
1639,25,plague,3,3,0,0,False,False,True
1639,26,buried,152,152,0,0,False,False,False
1639,26,plague,3,3,0,0,False,False,False
1639,27,buried,148,148,0,0,False,False,True
1639,27,plague,1,1,0,0,False,False,True
1639,28,buried,138,136,2,2,True,False,False
1639,28,plague,0,0,0,0,False,False,False
1639,29,buried,123,123,0,0,False,False,True
1639,29,plague,1,1,0,0,False,False,True
1639,30,buried,139,139,0,0,False,False,True
1639,30,plague,5,5,0,0,False,False,True
1639,31,buried,147,147,0,0,False,False,False
1639,31,plague,3,3,0,0,False,False,False
1639,32,buried,150,150,0,0,False,False,True
1639,32,plague,9,9,0,0,False,False,True
1639,34,buried,140,138,2,2,True,False,False
1639,34,plague,13,13,0,0,False,False,False
1639,35,buried,156,156,0,0,False,False,True
1639,35,plague,8,8,0,0,False,False,True
1639,36,buried,180,180,0,0,False,False,True
1639,36,plague,14,14,0,0,False,False,True
1639,37,buried,185,184,1,1,True,False,False
1639,37,plague,19,19,0,0,False,False,False
1639,38,buried,177,178,-1,1,True,False,True
1639,38,plague,11,11,0,0,False,False,True
1639,39,buried,213,213,0,0,False,False,True
1639,39,plague,23,23,0,0,False,False,True
1639,40,buried,204,204,0,0,False,False,True
1639,40,plague,25,25,0,0,False,False,True
1639,41,buried,208,202,6,6,True,False,False
1639,41,plague,23,23,0,0,False,False,False
1639,42,buried,231,231,0,0,False,False,True
1639,42,plague,23,23,0,0,False,False,True
1639,43,buried,205,205,0,0,False,False,True
1639,43,plague,28,28,0,0,False,False,True
1639,44,buried,200,200,0,0,False,False,True
1639,44,plague,21,21,0,0,False,False,True
1639,45,buried,190,190,0,0,False,False,True
1639,45,plague,14,14,0,0,False,False,True
1639,46,buried,200,200,0,0,False,False,True
1639,46,plague,9,9,0,0,False,False,True
1639,47,buried,190,190,0,0,False,False,True
1639,47,plague,10,10,0,0,False,False,True
1639,48,buried,158,158,0,0,False,False,True
1639,48,plague,5,5,0,0,False,False,True
1639,49,buried,172,172,0,0,False,False,True
1639,49,plague,7,7,0,0,False,False,True
1639,50,buried,165,205,-40,40,True,False,True
1639,50,plague,11,11,0,0,False,False,True
1639,51,buried,164,164,0,0,False,False,True
1639,51,plague,7,7,0,0,False,False,True
1639,52,buried,146,146,0,0,False,False,True
1639,52,plague,3,3,0,0,False,False,True
1640,4,buried,198,198,0,0,False,False,False
1640,4,plague,4,4,0,0,False,False,False
1640,5,buried,222,222,0,0,False,False,True
1640,5,plague,5,5,0,0,False,False,True
1641,1,buried,208,208,0,0,False,False,True
1641,1,plague,15,15,0,0,False,False,True
1641,2,buried,267,267,0,0,False,False,True
1641,2,plague,51,51,0,0,False,False,True
1641,3,buried,253,253,0,0,False,False,True
1641,3,plague,26,26,0,0,False,False,True
1641,4,buried,202,202,0,0,False,False,True
1641,4,plague,11,11,0,0,False,False,True
1641,5,buried,208,208,0,0,False,False,True
1641,5,plague,14,14,0,0,False,False,True
1641,6,buried,234,234,0,0,False,False,True
1641,6,plague,31,31,0,0,False,False,True
1641,8,buried,250,250,0,0,False,False,True
1641,8,plague,23,23,0,0,False,False,True
1641,9,buried,187,187,0,0,False,False,True
1641,9,plague,14,14,0,0,False,False,True
1641,10,buried,231,231,0,0,False,False,True
1641,10,plague,26,26,0,0,False,False,True
1641,11,buried,239,239,0,0,False,False,True
1641,11,plague,17,17,0,0,False,False,True
1641,12,buried,232,232,0,0,False,False,True
1641,12,plague,18,18,0,0,False,False,True
1641,13,buried,214,214,0,0,False,False,True
1641,13,plague,5,5,0,0,False,False,True
1641,14,buried,219,217,2,2,True,False,False
1641,14,plague,13,14,-1,1,True,False,False
1641,46,buried,408,408,0,0,False,False,True
1641,46,plague,106,106,0,0,False,False,True
1641,47,buried,337,337,0,0,False,False,True
1641,47,plague,79,79,0,0,False,False,True
1641,49,buried,296,296,0,0,False,False,True
1641,49,plague,44,44,0,0,False,False,True
1641,50,buried,279,279,0,0,False,False,True
1641,50,plague,41,41,0,0,False,False,True
1641,51,buried,245,245,0,0,False,False,True
1641,51,plague,15,15,0,0,False,False,True
1641,52,buried,246,246,0,0,False,False,True
1641,52,plague,17,17,0,0,False,False,True
1642,1,buried,267,267,0,0,False,False,True
1642,1,plague,10,10,0,0,False,False,True
1642,2,buried,199,199,0,0,False,False,True
1642,2,plague,8,8,0,0,False,False,True
1642,3,buried,248,248,0,0,False,False,True
1642,3,plague,10,10,0,0,False,False,True
1642,5,buried,273,263,10,10,True,False,True
1642,5,plague,11,11,0,0,False,False,True
1642,6,buried,257,257,0,0,False,False,True
1642,6,plague,8,8,0,0,False,False,True
1642,7,buried,234,234,0,0,False,False,False
1642,7,plague,11,11,0,0,False,False,False
1642,9,buried,216,211,5,5,True,False,False
1642,9,plague,1,1,0,0,False,False,False
1642,10,buried,244,244,0,0,False,False,True
1642,10,plague,2,2,0,0,False,False,True
1642,11,buried,231,231,0,0,False,False,False
1642,11,plague,4,4,0,0,False,False,False
1642,12,buried,264,264,0,0,False,False,False
1642,12,plague,8,8,0,0,False,False,False
1642,13,buried,211,211,0,0,False,False,True
1642,13,plague,3,3,0,0,False,False,True
1642,14,buried,224,219,5,5,True,False,False
1642,14,plague,2,2,0,0,False,False,False
1642,15,buried,204,204,0,0,False,False,True
1642,15,plague,17,17,0,0,False,False,True
1642,16,buried,213,213,0,0,False,False,True
1642,16,plague,23,23,0,0,False,False,True
1642,17,buried,190,190,0,0,False,False,True
1642,17,plague,20,20,0,0,False,False,True
1642,18,buried,205,205,0,0,False,False,True
1642,18,plague,22,22,0,0,False,False,True
1642,19,buried,239,239,0,0,False,False,True
1642,19,plague,20,20,0,0,False,False,True
1642,21,buried,230,230,0,0,False,False,True
1642,21,plague,29,29,0,0,False,False,True
1642,22,buried,245,245,0,0,False,False,True
1642,22,plague,25,25,0,0,False,False,True
1642,23,buried,217,217,0,0,False,False,True
1642,23,plague,27,27,0,0,False,False,True
1642,24,buried,211,211,0,0,False,False,True
1642,24,plague,37,37,0,0,False,False,True
1642,25,buried,208,208,0,0,False,False,False
1642,25,plague,25,24,1,1,True,False,False
1642,26,buried,202,202,0,0,False,False,True
1642,26,plague,23,23,0,0,False,False,True
1642,27,buried,178,178,0,0,False,False,True
1642,27,plague,14,14,0,0,False,False,True
1642,28,buried,164,164,0,0,False,False,False
1642,28,plague,15,15,0,0,False,False,False
1642,29,buried,163,163,0,0,False,False,True
1642,29,plague,18,18,0,0,False,False,True
1642,31,buried,170,170,0,0,False,False,True
1642,31,plague,24,24,0,0,False,False,True
1642,32,buried,187,187,0,0,False,False,True
1642,32,plague,29,29,0,0,False,False,True
1642,33,buried,185,185,0,0,False,False,False
1642,33,plague,30,30,0,0,False,False,False
1642,34,buried,192,192,0,0,False,False,True
1642,34,plague,33,33,0,0,False,False,True
1642,35,buried,224,224,0,0,False,False,False
1642,35,plague,48,48,0,0,False,False,False
1642,36,buried,236,236,0,0,False,False,False
1642,36,plague,58,58,0,0,False,False,False
1642,37,buried,227,227,0,0,False,False,True
1642,37,plague,60,60,0,0,False,False,True
1642,38,buried,274,274,0,0,False,False,False
1642,38,plague,70,70,0,0,False,False,False
1642,39,buried,279,279,0,0,False,False,True
1642,39,plague,66,66,0,0,False,False,True
1642,40,buried,351,351,0,0,False,False,False
1642,40,plague,103,103,0,0,False,False,False
1642,41,buried,362,361,1,1,True,False,False
1642,41,plague,126,126,0,0,False,False,False
1642,42,buried,331,331,0,0,False,False,True
1642,42,plague,83,83,0,0,False,False,True
1642,43,buried,281,281,0,0,False,False,True
1642,43,plague,81,81,0,0,False,False,True
1642,44,buried,315,315,0,0,False,False,False
1642,44,plague,98,92,6,6,True,False,False
1642,45,buried,296,296,0,0,False,False,True
1642,45,plague,68,68,0,0,False,False,True
1642,46,buried,275,275,0,0,False,False,False
1642,46,plague,51,51,0,0,False,False,False
1642,47,buried,232,232,0,0,False,False,False
1642,47,plague,37,38,-1,1,True,False,False
1642,48,buried,303,303,0,0,False,False,True
1642,48,plague,46,46,0,0,False,False,True
1642,49,buried,256,256,0,0,False,False,False
1642,49,plague,13,13,0,0,False,False,False
1642,50,buried,250,250,0,0,False,False,True
1642,50,plague,19,19,0,0,False,False,True
1642,51,buried,250,250,0,0,False,False,True
1642,51,plague,18,18,0,0,False,False,True
1642,52,buried,247,247,0,0,False,False,True
1642,52,plague,12,12,0,0,False,False,True
1643,42,buried,354,353,1,1,True,False,False
1643,42,plague,73,73,0,0,False,False,False
1644,1,buried,173,168,5,5,True,False,True
1644,1,plague,4,4,0,0,False,False,True
1644,2,buried,174,174,0,0,False,False,True
1644,2,plague,8,8,0,0,False,False,True
1644,15,buried,158,158,0,0,False,False,False
1644,15,plague,5,5,0,0,False,False,False
1644,16,buried,170,170,0,0,False,False,True
1644,16,plague,8,8,0,0,False,False,True
1644,17,buried,189,189,0,0,False,False,True
1644,17,plague,17,17,0,0,False,False,True
1644,18,buried,158,160,-2,2,True,False,True
1644,18,plague,17,17,0,0,False,False,True
1644,19,buried,175,175,0,0,False,False,True
1644,19,plague,17,17,0,0,False,False,True
1644,20,buried,183,178,5,5,True,False,True
1644,20,plague,17,17,0,0,False,False,True
1644,21,buried,191,191,0,0,False,False,True
1644,21,plague,14,14,0,0,False,False,True
1644,22,buried,211,200,11,11,True,False,True
1644,22,plague,27,27,0,0,False,False,True
1644,23,buried,224,224,0,0,False,False,True
1644,23,plague,40,35,5,5,True,False,True
1644,24,buried,198,199,-1,1,True,False,True
1644,24,plague,34,29,5,5,True,False,True
1644,25,buried,155,155,0,0,False,False,False
1644,25,plague,24,24,0,0,False,False,False
1644,26,buried,163,163,0,0,False,False,True
1644,26,plague,20,20,0,0,False,False,True
1644,27,buried,207,207,0,0,False,False,True
1644,27,plague,20,20,0,0,False,False,True
1644,28,buried,225,225,0,0,False,False,True
1644,28,plague,29,29,0,0,False,False,True
1644,29,buried,222,222,0,0,False,False,True
1644,29,plague,17,17,0,0,False,False,True
1644,30,buried,182,182,0,0,False,False,True
1644,30,plague,32,32,0,0,False,False,True
1644,31,buried,198,198,0,0,False,False,True
1644,31,plague,40,40,0,0,False,False,True
1644,32,buried,204,204,0,0,False,False,True
1644,32,plague,44,44,0,0,False,False,True
1644,33,buried,274,274,0,0,False,False,True
1644,33,plague,61,61,0,0,False,False,True
1644,34,buried,215,215,0,0,False,False,True
1644,34,plague,48,48,0,0,False,False,True
1644,35,buried,255,255,0,0,False,False,True
1644,35,plague,58,58,0,0,False,False,True
1644,36,buried,219,219,0,0,False,False,True
1644,36,plague,67,67,0,0,False,False,True
1644,37,buried,237,237,0,0,False,False,True
1644,37,plague,67,66,1,1,True,False,True
1644,38,buried,266,256,10,10,True,False,True
1644,38,plague,85,85,0,0,False,False,True
1644,39,buried,259,254,5,5,True,False,True
1644,39,plague,85,85,0,0,False,False,True
1644,40,buried,231,231,0,0,False,False,True
1644,40,plague,66,66,0,0,False,False,True
1644,41,buried,244,244,0,0,False,False,True
1644,41,plague,76,76,0,0,False,False,True
1644,43,buried,231,231,0,0,False,False,True
1644,43,plague,58,58,0,0,False,False,True
1644,44,buried,225,225,0,0,False,False,False
1644,44,plague,36,36,0,0,False,False,False
1644,45,buried,266,265,1,1,True,False,True
1644,45,plague,18,18,0,0,False,False,True
1644,46,buried,227,228,-1,1,True,False,True
1644,46,plague,23,23,0,0,False,False,True
1644,47,buried,246,246,0,0,False,False,True
1644,47,plague,25,25,0,0,False,False,True
1644,48,buried,200,200,0,0,False,False,True
1644,48,plague,15,15,0,0,False,False,True
1644,49,buried,164,164,0,0,False,False,True
1644,49,plague,4,4,0,0,False,False,True
1644,50,buried,186,186,0,0,False,False,False
1644,50,plague,15,15,0,0,False,False,False
1644,51,buried,182,182,0,0,False,False,True
1644,51,plague,11,11,0,0,False,False,True
1644,52,buried,168,168,0,0,False,False,True
1644,52,plague,2,2,0,0,False,False,True
1644,53,buried,183,183,0,0,False,False,True
1644,53,plague,6,6,0,0,False,False,True
1646,1,buried,197,197,0,0,False,False,False
1646,1,plague,27,27,0,0,False,False,False
1646,2,buried,166,166,0,0,False,False,True
1646,2,plague,16,16,0,0,False,False,True
1646,3,buried,182,182,0,0,False,False,True
1646,3,plague,10,10,0,0,False,False,True
1646,4,buried,197,197,0,0,False,False,True
1646,4,plague,6,6,0,0,False,False,True
1646,5,buried,206,206,0,0,False,False,False
1646,5,plague,18,18,0,0,False,False,False
1646,6,buried,201,201,0,0,False,False,True
1646,6,plague,16,16,0,0,False,False,True
1646,7,buried,184,184,0,0,False,False,True
1646,7,plague,9,9,0,0,False,False,True
1646,8,buried,164,164,0,0,False,False,True
1646,8,plague,2,2,0,0,False,False,True
1646,9,buried,204,204,0,0,False,False,False
1646,9,plague,2,2,0,0,False,False,False
1646,10,buried,205,205,0,0,False,False,True
1646,10,plague,1,1,0,0,False,False,True
1646,11,buried,189,189,0,0,False,False,True
1646,11,plague,4,4,0,0,False,False,True
1646,12,buried,199,200,-1,1,True,False,True
1646,12,plague,2,2,0,0,False,False,True
1646,13,buried,198,198,0,0,False,False,False
1646,13,plague,3,5,-2,2,True,False,False
1646,14,buried,383,382,1,1,True,False,False
1646,14,plague,8,8,0,0,False,False,False
1646,15,buried,190,190,0,0,False,False,True
1646,15,plague,2,2,0,0,False,False,True
1646,16,buried,210,210,0,0,False,False,True
1646,16,plague,4,4,0,0,False,False,True
1646,17,buried,204,204,0,0,False,False,True
1646,17,plague,8,8,0,0,False,False,True
1646,18,buried,209,209,0,0,False,False,True
1646,18,plague,6,6,0,0,False,False,True
1646,19,buried,172,172,0,0,False,False,True
1646,19,plague,5,5,0,0,False,False,True
1646,20,buried,186,186,0,0,False,False,True
1646,20,plague,6,6,0,0,False,False,True
1646,21,buried,204,204,0,0,False,False,True
1646,21,plague,9,9,0,0,False,False,True
1646,22,buried,199,198,1,1,True,False,False
1646,22,plague,5,5,0,0,False,False,False
1646,23,buried,221,221,0,0,False,False,False
1646,23,plague,5,5,0,0,False,False,False
1646,24,buried,205,204,1,1,True,False,False
1646,24,plague,9,9,0,0,False,False,False
1646,25,buried,170,172,-2,2,True,False,True
1646,25,plague,13,13,0,0,False,False,True
1646,26,buried,225,225,0,0,False,False,True
1646,26,plague,22,22,0,0,False,False,True
1646,28,buried,223,223,0,0,False,False,True
1646,28,plague,25,25,0,0,False,False,True
1646,29,buried,235,235,0,0,False,False,True
1646,29,plague,28,28,0,0,False,False,True
1646,30,buried,306,307,-1,1,True,False,True
1646,30,plague,50,50,0,0,False,False,True
1646,31,buried,364,364,0,0,False,False,True
1646,31,plague,58,58,0,0,False,False,True
1646,34,buried,419,419,0,0,False,False,True
1646,34,plague,132,132,0,0,False,False,True
1646,35,buried,472,472,0,0,False,False,True
1646,35,plague,195,195,0,0,False,False,True
1646,36,buried,517,517,0,0,False,False,False
1646,36,plague,207,207,0,0,False,False,False
1646,39,buried,455,455,0,0,False,False,False
1646,39,plague,157,157,0,0,False,False,False
1646,40,buried,443,443,0,0,False,False,False
1646,40,plague,175,139,36,36,True,False,False
1646,41,buried,322,322,0,0,False,False,True
1646,41,plague,114,114,0,0,False,False,True
1646,42,buried,341,342,-1,1,True,False,True
1646,42,plague,115,115,0,0,False,False,True
1646,43,buried,320,320,0,0,False,False,True
1646,43,plague,106,106,0,0,False,False,True
1646,45,buried,245,245,0,0,False,False,True
1646,45,plague,52,52,0,0,False,False,True
1646,46,buried,275,275,0,0,False,False,True
1646,46,plague,55,55,0,0,False,False,True
1646,47,buried,200,200,0,0,False,False,True
1646,47,plague,27,27,0,0,False,False,True
1646,48,buried,226,226,0,0,False,False,False
1646,48,plague,37,37,0,0,False,False,False
1646,49,buried,223,223,0,0,False,False,False
1646,49,plague,34,34,0,0,False,False,False
1646,50,buried,224,224,0,0,False,False,True
1646,50,plague,32,32,0,0,False,False,True
1646,51,buried,212,212,0,0,False,False,False
1646,51,plague,26,26,0,0,False,False,False
1646,52,buried,185,185,0,0,False,False,False
1646,52,plague,29,29,0,0,False,False,False
1647,1,buried,191,191,0,0,False,False,True
1647,1,plague,29,29,0,0,False,False,True
1647,2,buried,205,205,0,0,False,False,True
1647,2,plague,24,24,0,0,False,False,True
1647,3,buried,187,185,2,2,True,False,False
1647,3,plague,17,17,0,0,False,False,False
1647,4,buried,199,199,0,0,False,False,True
1647,4,plague,17,17,0,0,False,False,True
1647,5,buried,166,166,0,0,False,False,True
1647,5,plague,10,10,0,0,False,False,True
1647,6,buried,175,174,1,1,True,False,True
1647,6,plague,16,16,0,0,False,False,True
1647,7,buried,185,185,0,0,False,False,True
1647,7,plague,9,9,0,0,False,False,True
1647,8,buried,220,220,0,0,False,False,True
1647,8,plague,20,20,0,0,False,False,True
1647,9,buried,220,220,0,0,False,False,False
1647,9,plague,17,17,0,0,False,False,False
1647,10,buried,200,200,0,0,False,False,True
1647,10,plague,11,11,0,0,False,False,True
1647,11,buried,217,217,0,0,False,False,True
1647,11,plague,11,11,0,0,False,False,True
1647,12,buried,245,245,0,0,False,False,True
1647,12,plague,12,12,0,0,False,False,True
1647,13,buried,217,217,0,0,False,False,True
1647,13,plague,8,8,0,0,False,False,True
1647,14,buried,233,233,0,0,False,False,True
1647,14,plague,4,4,0,0,False,False,True
1647,15,buried,175,212,-37,37,True,False,False
1647,15,plague,5,7,-2,2,True,False,False
1647,16,buried,225,185,40,40,True,False,False
1647,16,plague,7,10,-3,3,True,False,False
1647,17,buried,201,199,2,2,True,False,False
1647,17,plague,2,7,-5,5,True,False,False
1647,18,buried,223,223,0,0,False,False,False
1647,18,plague,3,6,-3,3,True,False,False
1647,19,buried,180,165,15,15,True,False,False
1647,19,plague,2,21,-19,19,True,False,False
1647,20,buried,167,166,1,1,True,False,False
1647,20,plague,2,2,0,0,False,False,False
1647,21,buried,185,182,3,3,True,False,False
1647,21,plague,4,13,-9,9,True,False,False
1647,22,buried,176,170,6,6,True,False,False
1647,22,plague,2,4,-2,2,True,False,False
1647,23,buried,159,144,15,15,True,False,False
1647,23,plague,1,1,0,0,False,False,False
1647,24,buried,197,185,12,12,True,False,False
1647,24,plague,7,11,-4,4,True,False,False
1647,25,buried,158,155,3,3,True,False,False
1647,25,plague,2,7,-5,5,True,False,False
1647,26,buried,181,181,0,0,False,False,False
1647,26,plague,10,15,-5,5,True,False,False
1647,27,buried,187,187,0,0,False,False,False
1647,27,plague,13,16,-3,3,True,False,False
1647,28,buried,197,197,0,0,False,False,False
1647,28,plague,13,29,-16,16,True,False,False
1647,29,buried,268,258,10,10,True,False,False
1647,29,plague,22,47,-25,25,True,False,False
1647,30,buried,317,317,0,0,False,False,True
1647,30,plague,97,97,0,0,False,False,True
1647,31,buried,390,390,0,0,False,False,False
1647,31,plague,128,125,3,3,True,False,False
1647,32,buried,363,363,0,0,False,False,True
1647,32,plague,151,151,0,0,False,False,True
1647,33,buried,436,436,0,0,False,False,True
1647,33,plague,209,229,-20,20,True,False,True
1647,34,buried,439,439,0,0,False,False,True
1647,34,plague,191,191,0,0,False,False,True
1647,35,buried,520,520,0,0,False,False,False
1647,35,plague,248,248,0,0,False,False,False
1647,36,buried,434,434,0,0,False,False,False
1647,36,plague,161,161,0,0,False,False,False
1647,37,buried,450,450,0,0,False,False,False
1647,37,plague,208,208,0,0,False,False,False
1647,39,buried,430,430,0,0,False,False,True
1647,39,plague,184,184,0,0,False,False,True
1647,40,buried,493,464,29,29,True,False,True
1647,40,plague,215,215,0,0,False,False,True
1647,42,buried,403,403,0,0,False,False,False
1647,42,plague,183,183,0,0,False,False,False
1647,43,buried,359,359,0,0,False,False,True
1647,43,plague,172,172,0,0,False,False,True
1647,44,buried,367,367,0,0,False,False,False
1647,44,plague,163,163,0,0,False,False,False
1647,46,buried,304,304,0,0,False,False,False
1647,46,plague,120,120,0,0,False,False,False
1647,47,buried,265,265,0,0,False,False,True
1647,47,plague,84,84,0,0,False,False,True
1647,48,buried,279,279,0,0,False,False,True
1647,48,plague,66,66,0,0,False,False,True
1647,49,buried,261,261,0,0,False,False,True
1647,49,plague,60,60,0,0,False,False,True
1647,50,buried,182,182,0,0,False,False,True
1647,50,plague,18,18,0,0,False,False,True
1647,52,buried,172,172,0,0,False,False,True
1647,52,plague,15,15,0,0,False,False,True
1649,2,buried,137,137,0,0,False,False,True
1649,2,plague,0,0,0,0,False,False,True
1649,3,buried,185,184,1,1,True,False,True
1649,3,plague,0,0,0,0,False,False,True
1649,4,buried,205,205,0,0,False,False,True
1649,4,plague,0,0,0,0,False,False,True
1649,5,buried,203,185,18,18,True,False,True
1649,5,plague,0,0,0,0,False,False,True
1649,6,buried,337,255,82,82,True,False,False
1649,6,plague,0,0,0,0,False,False,False
1649,7,buried,153,153,0,0,False,False,True
1649,7,plague,0,0,0,0,False,False,True
1649,8,buried,153,142,11,11,True,False,False
1649,8,plague,0,0,0,0,False,False,False
1649,9,buried,179,179,0,0,False,False,True
1649,9,plague,0,0,0,0,False,False,True
1649,10,buried,146,146,0,0,False,False,True
1649,10,plague,0,0,0,0,False,False,True
1649,11,buried,168,168,0,0,False,False,True
1649,11,plague,0,0,0,0,False,False,True
1649,12,buried,148,148,0,0,False,False,True
1649,12,plague,0,0,0,0,False,False,True
1649,13,buried,190,190,0,0,False,False,True
1649,13,plague,0,0,0,0,False,False,True
1649,14,buried,160,160,0,0,False,False,True
1649,14,plague,0,0,0,0,False,False,True
1649,15,buried,212,212,0,0,False,False,False
1649,15,plague,0,0,0,0,False,False,False
1649,16,buried,213,213,0,0,False,False,True
1649,16,plague,1,1,0,0,False,False,True
1649,17,buried,217,217,0,0,False,False,True
1649,17,plague,0,0,0,0,False,False,True
1649,18,buried,191,191,0,0,False,False,True
1649,18,plague,3,3,0,0,False,False,True
1649,19,buried,183,183,0,0,False,False,True
1649,19,plague,1,1,0,0,False,False,True
1649,20,buried,191,191,0,0,False,False,True
1649,20,plague,0,0,0,0,False,False,True
1649,21,buried,195,195,0,0,False,False,True
1649,21,plague,2,2,0,0,False,False,True
1649,22,buried,189,198,-9,9,True,False,False
1649,22,plague,1,1,0,0,False,False,False
1649,23,buried,186,186,0,0,False,False,True
1649,23,plague,1,1,0,0,False,False,True
1649,24,buried,216,214,2,2,True,False,True
1649,24,plague,0,0,0,0,False,False,True
1649,25,buried,187,184,3,3,True,False,True
1649,25,plague,0,0,0,0,False,False,True
1649,26,buried,214,209,5,5,True,False,True
1649,26,plague,0,0,0,0,False,False,True
1649,27,buried,174,174,0,0,False,False,True
1649,27,plague,3,3,0,0,False,False,True
1649,29,buried,176,175,1,1,True,False,True
1649,29,plague,5,5,0,0,False,False,True
1649,30,buried,185,181,4,4,True,False,False
1649,30,plague,1,1,0,0,False,False,False
1649,31,buried,192,185,7,7,True,False,False
1649,31,plague,6,6,0,0,False,False,False
1649,32,buried,204,201,3,3,True,False,False
1649,32,plague,0,0,0,0,False,False,False
1649,33,buried,194,187,7,7,True,False,False
1649,33,plague,0,0,0,0,False,False,False
1650,8,buried,173,128,45,45,True,False,False
1650,8,plague,0,0,0,0,False,False,False
1651,1,buried,449,449,0,0,False,False,True
1651,1,plague,1,1,0,0,False,False,True
1651,2,buried,260,260,0,0,False,False,False
1651,2,plague,0,0,0,0,False,False,False
1651,3,buried,233,233,0,0,False,False,True
1651,3,plague,0,0,0,0,False,False,True
1651,4,buried,245,245,0,0,False,False,True
1651,4,plague,0,0,0,0,False,False,True
1651,5,buried,223,223,0,0,False,False,True
1651,5,plague,0,0,0,0,False,False,True
1651,6,buried,251,251,0,0,False,False,True
1651,6,plague,0,0,0,0,False,False,True
1651,7,buried,223,223,0,0,False,False,True
1651,7,plague,1,1,0,0,False,False,True
1651,8,buried,200,200,0,0,False,False,True
1651,8,plague,0,0,0,0,False,False,True
1651,9,buried,194,192,2,2,True,False,False
1651,9,plague,0,0,0,0,False,False,False
1651,10,buried,187,187,0,0,False,False,False
1651,10,plague,0,0,0,0,False,False,False
1651,11,buried,196,196,0,0,False,False,True
1651,11,plague,1,1,0,0,False,False,True
1651,14,buried,220,220,0,0,False,False,False
1651,14,plague,1,1,0,0,False,False,False
1651,15,buried,161,162,-1,1,True,False,True
1651,15,plague,0,0,0,0,False,False,True
1651,16,buried,155,156,-1,1,True,False,True
1651,16,plague,1,1,0,0,False,False,True
1651,17,buried,161,161,0,0,False,False,True
1651,17,plague,1,1,0,0,False,False,True
1651,18,buried,157,157,0,0,False,False,True
1651,18,plague,0,0,0,0,False,False,True
1651,19,buried,204,204,0,0,False,False,True
1651,19,plague,0,0,0,0,False,False,True
1651,20,buried,189,189,0,0,False,False,True
1651,20,plague,0,0,0,0,False,False,True
1651,21,buried,181,181,0,0,False,False,True
1651,21,plague,2,2,0,0,False,False,True
1651,22,buried,175,176,-1,1,True,False,True
1651,22,plague,2,2,0,0,False,False,True
1651,23,buried,201,201,0,0,False,False,True
1651,23,plague,0,0,0,0,False,False,True
1651,24,buried,167,167,0,0,False,False,True
1651,24,plague,0,0,0,0,False,False,True
1651,25,buried,188,188,0,0,False,False,True
1651,25,plague,0,0,0,0,False,False,True
1651,26,buried,195,195,0,0,False,False,True
1651,26,plague,1,1,0,0,False,False,True
1651,27,buried,214,211,3,3,True,False,True
1651,27,plague,0,0,0,0,False,False,True
1651,28,buried,166,166,0,0,False,False,True
1651,28,plague,1,1,0,0,False,False,True
1651,29,buried,198,198,0,0,False,False,True
1651,29,plague,1,1,0,0,False,False,True
1651,31,buried,249,199,50,50,True,False,True
1651,31,plague,0,0,0,0,False,False,True
1651,32,buried,205,205,0,0,False,False,True
1651,32,plague,0,0,0,0,False,False,True
1651,33,buried,230,230,0,0,False,False,True
1651,33,plague,2,2,0,0,False,False,True
1651,36,buried,262,262,0,0,False,False,True
1651,36,plague,1,1,0,0,False,False,True
1651,37,buried,254,254,0,0,False,False,True
1651,37,plague,2,2,0,0,False,False,True
1651,38,buried,274,274,0,0,False,False,True
1651,38,plague,0,0,0,0,False,False,True
1651,40,buried,313,309,4,4,True,False,False
1651,40,plague,0,0,0,0,False,False,False
1651,44,buried,266,266,0,0,False,False,True
1651,44,plague,0,0,0,0,False,False,True
1651,46,buried,264,264,0,0,False,False,True
1651,46,plague,0,0,0,0,False,False,True
1651,48,buried,231,231,0,0,False,False,True
1651,48,plague,0,0,0,0,False,False,True
1651,50,buried,200,200,0,0,False,False,True
1651,50,plague,0,0,0,0,False,False,True
1651,51,buried,205,205,0,0,False,False,True
1651,51,plague,0,0,0,0,False,False,True
1651,52,buried,199,199,0,0,False,False,False
1651,52,plague,0,0,0,0,False,False,False
1652,2,buried,206,206,0,0,False,False,True
1652,2,plague,0,0,0,0,False,False,True
1652,6,buried,191,191,0,0,False,False,True
1652,6,plague,0,0,0,0,False,False,True
1652,21,buried,217,216,1,1,True,False,True
1652,21,plague,0,0,0,0,False,False,True
1652,22,buried,242,242,0,0,False,False,True
1652,22,plague,1,1,0,0,False,False,True
1652,35,buried,265,265,0,0,False,False,False
1652,35,plague,1,1,0,0,False,False,False
1652,44,buried,246,246,0,0,False,False,True
1652,44,plague,1,1,0,0,False,False,True
1652,49,buried,211,211,0,0,False,False,True
1652,49,plague,0,0,0,0,False,False,True
1652,52,buried,194,194,0,0,False,False,True
1652,52,plague,0,0,0,0,False,False,True
1653,1,buried,231,230,1,1,True,False,False
1653,1,plague,0,0,0,0,False,False,False
1653,2,buried,224,224,0,0,False,False,True
1653,2,plague,0,0,0,0,False,False,True
1653,3,buried,219,217,2,2,True,False,False
1653,3,plague,0,0,0,0,False,False,False
1653,4,buried,212,221,-9,9,True,False,False
1653,4,plague,0,0,0,0,False,False,False
1653,5,buried,214,214,0,0,False,False,True
1653,5,plague,0,0,0,0,False,False,True
1653,7,buried,242,242,0,0,False,False,True
1653,7,plague,0,0,0,0,False,False,True
1653,8,buried,265,265,0,0,False,False,True
1653,8,plague,0,0,0,0,False,False,True
1653,9,buried,291,292,-1,1,True,False,True
1653,9,plague,0,0,0,0,False,False,True
1653,10,buried,285,285,0,0,False,False,True
1653,10,plague,1,1,0,0,False,False,True
1653,11,buried,337,337,0,0,False,False,True
1653,11,plague,0,0,0,0,False,False,True
1653,12,buried,335,335,0,0,False,False,True
1653,12,plague,1,1,0,0,False,False,True
1653,13,buried,357,357,0,0,False,False,True
1653,13,plague,0,0,0,0,False,False,True
1653,14,buried,279,279,0,0,False,False,True
1653,14,plague,0,0,0,0,False,False,True
1653,15,buried,204,204,0,0,False,False,True
1653,15,plague,0,0,0,0,False,False,True
1653,16,buried,185,185,0,0,False,False,True
1653,16,plague,0,0,0,0,False,False,True
1653,17,buried,175,175,0,0,False,False,True
1653,17,plague,0,0,0,0,False,False,True
1653,18,buried,191,191,0,0,False,False,True
1653,18,plague,0,0,0,0,False,False,True
1653,19,buried,183,183,0,0,False,False,True
1653,19,plague,0,0,0,0,False,False,True
1653,21,buried,218,218,0,0,False,False,True
1653,21,plague,1,1,0,0,False,False,True
1653,22,buried,180,180,0,0,False,False,True
1653,22,plague,0,0,0,0,False,False,True
1653,23,buried,184,184,0,0,False,False,True
1653,23,plague,0,0,0,0,False,False,True
1653,24,buried,154,154,0,0,False,False,True
1653,24,plague,0,0,0,0,False,False,True
1653,25,buried,149,149,0,0,False,False,True
1653,25,plague,0,0,0,0,False,False,True
1653,26,buried,154,154,0,0,False,False,True
1653,26,plague,0,0,0,0,False,False,True
1653,27,buried,156,156,0,0,False,False,True
1653,27,plague,0,0,0,0,False,False,True
1653,28,buried,123,113,10,10,True,False,False
1653,28,plague,0,0,0,0,False,False,False
1653,29,buried,167,166,1,1,True,False,False
1653,29,plague,0,0,0,0,False,False,False
1653,30,buried,164,164,0,0,False,False,True
1653,30,plague,0,0,0,0,False,False,True
1653,31,buried,183,183,0,0,False,False,True
1653,31,plague,0,0,0,0,False,False,True
1653,32,buried,167,167,0,0,False,False,True
1653,32,plague,0,0,0,0,False,False,True
1653,34,buried,177,177,0,0,False,False,True
1653,34,plague,0,0,0,0,False,False,True
1653,35,buried,212,212,0,0,False,False,True
1653,35,plague,0,0,0,0,False,False,True
1653,36,buried,206,206,0,0,False,False,True
1653,36,plague,0,0,0,0,False,False,True
1653,37,buried,206,206,0,0,False,False,True
1653,37,plague,0,0,0,0,False,False,True
1653,38,buried,193,194,-1,1,True,False,True
1653,38,plague,0,0,0,0,False,False,True
1653,39,buried,201,201,0,0,False,False,True
1653,39,plague,0,0,0,0,False,False,True
1653,40,buried,196,196,0,0,False,False,True
1653,40,plague,1,1,0,0,False,False,True
1653,41,buried,208,208,0,0,False,False,True
1653,41,plague,0,0,0,0,False,False,True
1653,42,buried,211,211,0,0,False,False,True
1653,42,plague,0,0,0,0,False,False,True
1653,43,buried,204,204,0,0,False,False,True
1653,43,plague,1,1,0,0,False,False,True
1653,44,buried,200,200,0,0,False,False,True
1653,44,plague,0,0,0,0,False,False,True
1653,46,buried,176,176,0,0,False,False,True
1653,46,plague,0,0,0,0,False,False,True
1653,47,buried,210,210,0,0,False,False,True
1653,47,plague,0,0,0,0,False,False,True
1653,48,buried,225,225,0,0,False,False,True
1653,48,plague,0,0,0,0,False,False,True
1653,49,buried,322,322,0,0,False,False,True
1653,49,plague,0,0,0,0,False,False,True
1653,50,buried,245,245,0,0,False,False,True
1653,50,plague,0,0,0,0,False,False,True
1653,51,buried,196,196,0,0,False,False,True
1653,51,plague,0,0,0,0,False,False,True
1653,52,buried,214,214,0,0,False,False,True
1653,52,plague,1,1,0,0,False,False,True
1654,1,buried,249,249,0,0,False,False,True
1654,1,plague,0,0,0,0,False,False,True
1654,2,buried,254,254,0,0,False,False,True
1654,2,plague,1,1,0,0,False,False,True
1654,3,buried,286,286,0,0,False,False,True
1654,3,plague,0,0,0,0,False,False,True
1654,4,buried,289,289,0,0,False,False,True
1654,4,plague,0,0,0,0,False,False,True
1654,6,buried,238,238,0,0,False,False,True
1654,6,plague,1,1,0,0,False,False,True
1654,7,buried,271,271,0,0,False,False,True
1654,7,plague,1,1,0,0,False,False,True
1654,8,buried,293,293,0,0,False,False,True
1654,8,plague,0,0,0,0,False,False,True
1654,9,buried,209,209,0,0,False,False,True
1654,9,plague,0,0,0,0,False,False,True
1654,11,buried,227,227,0,0,False,False,True
1654,11,plague,0,0,0,0,False,False,True
1654,12,buried,229,229,0,0,False,False,True
1654,12,plague,0,0,0,0,False,False,True
1654,13,buried,223,223,0,0,False,False,True
1654,13,plague,0,0,0,0,False,False,True
1654,14,buried,216,216,0,0,False,False,True
1654,14,plague,0,0,0,0,False,False,True
1654,15,buried,305,305,0,0,False,False,True
1654,15,plague,1,1,0,0,False,False,True
1654,17,buried,275,275,0,0,False,False,True
1654,17,plague,0,0,0,0,False,False,True
1654,18,buried,255,255,0,0,False,False,True
1654,18,plague,0,0,0,0,False,False,True
1654,21,buried,250,248,2,2,True,False,True
1654,21,plague,1,1,0,0,False,False,True
1654,22,buried,237,237,0,0,False,False,True
1654,22,plague,0,0,0,0,False,False,True
1654,23,buried,222,222,0,0,False,False,True
1654,23,plague,0,0,0,0,False,False,True
1654,24,buried,193,193,0,0,False,False,True
1654,24,plague,0,0,0,0,False,False,True
1654,25,buried,237,237,0,0,False,False,True
1654,25,plague,0,0,0,0,False,False,True
1654,26,buried,226,226,0,0,False,False,True
1654,26,plague,0,0,0,0,False,False,True
1654,27,buried,201,201,0,0,False,False,True
1654,27,plague,0,0,0,0,False,False,True
1654,28,buried,181,180,1,1,True,False,True
1654,28,plague,0,0,0,0,False,False,True
1654,29,buried,183,183,0,0,False,False,True
1654,29,plague,0,0,0,0,False,False,True
1654,30,buried,173,173,0,0,False,False,True
1654,30,plague,0,0,0,0,False,False,True
1654,31,buried,199,199,0,0,False,False,True
1654,31,plague,0,0,0,0,False,False,True
1654,32,buried,213,213,0,0,False,False,True
1654,32,plague,0,0,0,0,False,False,True
1654,33,buried,272,272,0,0,False,False,True
1654,33,plague,1,1,0,0,False,False,True
1654,34,buried,259,259,0,0,False,False,True
1654,34,plague,0,0,0,0,False,False,True
1654,35,buried,312,312,0,0,False,False,True
1654,35,plague,0,0,0,0,False,False,True
1654,36,buried,319,319,0,0,False,False,True
1654,36,plague,0,0,0,0,False,False,True
1654,37,buried,245,245,0,0,False,False,True
1654,37,plague,1,1,0,0,False,False,True
1654,38,buried,254,254,0,0,False,False,True
1654,38,plague,2,2,0,0,False,False,True
1654,39,buried,262,262,0,0,False,False,True
1654,39,plague,0,0,0,0,False,False,True
1654,41,buried,302,302,0,0,False,False,True
1654,41,plague,0,0,0,0,False,False,True
1654,42,buried,283,282,1,1,True,False,True
1654,42,plague,1,1,0,0,False,False,True
1654,43,buried,272,272,0,0,False,False,True
1654,43,plague,0,0,0,0,False,False,True
1654,44,buried,266,266,0,0,False,False,True
1654,44,plague,1,1,0,0,False,False,True
1654,45,buried,240,240,0,0,False,False,True
1654,45,plague,2,2,0,0,False,False,True
1654,46,buried,264,264,0,0,False,False,True
1654,46,plague,1,1,0,0,False,False,True
1654,47,buried,255,255,0,0,False,False,True
1654,47,plague,0,0,0,0,False,False,True
1654,48,buried,253,253,0,0,False,False,True
1654,48,plague,0,0,0,0,False,False,True
1654,49,buried,291,291,0,0,False,False,True
1654,49,plague,2,2,0,0,False,False,True
1654,50,buried,311,311,0,0,False,False,True
1654,50,plague,1,1,0,0,False,False,True
1654,51,buried,280,280,0,0,False,False,True
1654,51,plague,0,0,0,0,False,False,True
1654,52,buried,268,268,0,0,False,False,True
1654,52,plague,0,0,0,0,False,False,True
1655,1,buried,259,259,0,0,False,False,True
1655,1,plague,0,0,0,0,False,False,True
1655,3,buried,263,253,10,10,True,False,False
1655,3,plague,0,0,0,0,False,False,False
1655,4,buried,280,280,0,0,False,False,True
1655,4,plague,0,0,0,0,False,False,True
1655,6,buried,286,286,0,0,False,False,False
1655,6,plague,0,0,0,0,False,False,False
1655,7,buried,249,249,0,0,False,False,False
1655,7,plague,0,0,0,0,False,False,False
1655,8,buried,223,228,-5,5,True,False,True
1655,8,plague,0,0,0,0,False,False,True
1655,10,buried,295,295,0,0,False,False,False
1655,10,plague,0,0,0,0,False,False,False
1655,12,buried,253,252,1,1,True,False,False
1655,12,plague,0,0,0,0,False,False,False
1655,13,buried,291,286,5,5,True,False,False
1655,13,plague,0,0,0,0,False,False,False
1655,14,buried,308,307,1,1,True,False,False
1655,14,plague,0,0,0,0,False,False,False
1655,15,buried,193,190,3,3,True,False,True
1655,15,plague,0,0,0,0,False,False,True
1655,21,buried,231,231,0,0,False,False,True
1655,21,plague,0,0,0,0,False,False,True
1655,22,buried,204,204,0,0,False,False,True
1655,22,plague,0,0,0,0,False,False,True
1655,23,buried,192,192,0,0,False,False,True
1655,23,plague,0,0,0,0,False,False,True
1655,24,buried,178,178,0,0,False,False,True
1655,24,plague,0,0,0,0,False,False,True
1655,25,buried,203,203,0,0,False,False,True
1655,25,plague,1,1,0,0,False,False,True
1655,26,buried,178,178,0,0,False,False,True
1655,26,plague,0,0,0,0,False,False,True
1655,28,buried,160,160,0,0,False,False,True
1655,28,plague,0,0,0,0,False,False,True
1655,29,buried,177,176,1,1,True,False,True
1655,29,plague,0,0,0,0,False,False,True
1655,30,buried,156,156,0,0,False,False,True
1655,30,plague,0,0,0,0,False,False,True
1655,31,buried,196,196,0,0,False,False,True
1655,31,plague,0,0,0,0,False,False,True
1655,32,buried,200,200,0,0,False,False,True
1655,32,plague,1,1,0,0,False,False,True
1655,33,buried,229,229,0,0,False,False,True
1655,33,plague,0,0,0,0,False,False,True
1655,34,buried,178,178,0,0,False,False,True
1655,34,plague,0,0,0,0,False,False,True
1655,35,buried,205,205,0,0,False,False,False
1655,35,plague,0,0,0,0,False,False,False
1655,36,buried,216,216,0,0,False,False,True
1655,36,plague,1,1,0,0,False,False,True
1655,38,buried,217,217,0,0,False,False,True
1655,38,plague,0,0,0,0,False,False,True
1655,39,buried,224,224,0,0,False,False,True
1655,39,plague,0,0,0,0,False,False,True
1655,40,buried,197,196,1,1,True,False,True
1655,40,plague,0,0,0,0,False,False,True
1655,41,buried,218,218,0,0,False,False,True
1655,41,plague,0,0,0,0,False,False,True
1655,42,buried,210,210,0,0,False,False,True
1655,42,plague,0,0,0,0,False,False,True
1655,43,buried,194,194,0,0,False,False,True
1655,43,plague,0,0,0,0,False,False,True
1655,44,buried,197,197,0,0,False,False,True
1655,44,plague,0,0,0,0,False,False,True
1655,45,buried,199,199,0,0,False,False,True
1655,45,plague,1,1,0,0,False,False,True
1655,46,buried,194,194,0,0,False,False,True
1655,46,plague,0,0,0,0,False,False,True
1655,47,buried,185,185,0,0,False,False,True
1655,47,plague,0,0,0,0,False,False,True
1655,48,buried,221,221,0,0,False,False,True
1655,48,plague,0,0,0,0,False,False,True
1655,49,buried,231,231,0,0,False,False,True
1655,49,plague,0,0,0,0,False,False,True
1655,50,buried,220,240,-20,20,True,False,True
1655,50,plague,0,0,0,0,False,False,True
1655,51,buried,288,286,2,2,True,False,False
1655,51,plague,0,0,0,0,False,False,False
1655,52,buried,259,259,0,0,False,False,True
1655,52,plague,0,0,0,0,False,False,True
1657,1,buried,370,370,0,0,False,False,True
1657,1,plague,0,0,0,0,False,False,True
1657,2,buried,237,237,0,0,False,False,True
1657,2,plague,0,0,0,0,False,False,True
1657,4,buried,278,279,-1,1,True,False,True
1657,4,plague,0,0,0,0,False,False,True
1657,5,buried,323,323,0,0,False,False,True
1657,5,plague,1,1,0,0,False,False,True
1657,6,buried,276,278,-2,2,True,False,True
1657,6,plague,0,0,0,0,False,False,True
1657,7,buried,322,322,0,0,False,False,True
1657,7,plague,0,0,0,0,False,False,True
1657,8,buried,368,368,0,0,False,False,True
1657,8,plague,0,0,0,0,False,False,True
1657,9,buried,338,338,0,0,False,False,True
1657,9,plague,0,0,0,0,False,False,True
1657,10,buried,301,302,-1,1,True,False,True
1657,10,plague,0,0,0,0,False,False,True
1657,11,buried,296,296,0,0,False,False,True
1657,11,plague,0,0,0,0,False,False,True
1657,13,buried,270,270,0,0,False,False,True
1657,13,plague,0,0,0,0,False,False,True
1657,14,buried,319,319,0,0,False,False,True
1657,14,plague,0,0,0,0,False,False,True
1657,16,buried,217,217,0,0,False,False,True
1657,16,plague,0,0,0,0,False,False,True
1657,17,buried,249,249,0,0,False,False,True
1657,17,plague,0,0,0,0,False,False,True
1657,18,buried,210,210,0,0,False,False,True
1657,18,plague,0,0,0,0,False,False,True
1657,19,buried,204,204,0,0,False,False,True
1657,19,plague,0,0,0,0,False,False,True
1657,20,buried,207,208,-1,1,True,False,True
1657,20,plague,0,0,0,0,False,False,True
1657,22,buried,184,185,-1,1,True,False,True
1657,22,plague,0,0,0,0,False,False,True
1657,24,buried,175,175,0,0,False,False,True
1657,24,plague,0,0,0,0,False,False,True
1657,26,buried,164,154,10,10,True,False,False
1657,26,plague,0,0,0,0,False,False,False
1657,27,buried,171,170,1,1,True,False,False
1657,27,plague,0,0,0,0,False,False,False
1657,30,buried,314,314,0,0,False,False,False
1657,30,plague,0,0,0,0,False,False,False
1657,31,buried,389,388,1,1,True,False,False
1657,31,plague,0,0,0,0,False,False,False
1657,32,buried,313,313,0,0,False,False,False
1657,32,plague,0,0,0,0,False,False,False
1657,33,buried,299,299,0,0,False,False,True
1657,33,plague,0,0,0,0,False,False,True
1657,35,buried,334,334,0,0,False,False,True
1657,35,plague,0,0,0,0,False,False,True
1657,36,buried,295,295,0,0,False,False,True
1657,36,plague,1,1,0,0,False,False,True
1657,37,buried,267,267,0,0,False,False,True
1657,37,plague,2,2,0,0,False,False,True
1657,38,buried,331,331,0,0,False,False,True
1657,38,plague,0,0,0,0,False,False,True
1657,39,buried,278,278,0,0,False,False,False
1657,39,plague,0,0,0,0,False,False,False
1657,40,buried,162,262,-100,100,True,False,False
1657,40,plague,0,0,0,0,False,False,False
1657,41,buried,236,231,5,5,True,False,False
1657,41,plague,0,0,0,0,False,False,False
1657,42,buried,246,238,8,8,True,False,False
1657,42,plague,0,0,0,0,False,False,False
1657,43,buried,237,226,11,11,True,False,False
1657,43,plague,0,0,0,0,False,False,False
1657,44,buried,253,237,16,16,True,False,False
1657,44,plague,1,1,0,0,False,False,False
1657,45,buried,244,236,8,8,True,False,False
1657,45,plague,0,0,0,0,False,False,False
1657,46,buried,212,204,8,8,True,False,False
1657,46,plague,0,0,0,0,False,False,False
1657,47,buried,222,205,17,17,True,False,False
1657,47,plague,0,0,0,0,False,False,False
1657,48,buried,214,204,10,10,True,False,False
1657,48,plague,0,0,0,0,False,False,False
1657,49,buried,235,240,-5,5,True,False,False
1657,49,plague,0,0,0,0,False,False,False
1657,50,buried,235,219,16,16,True,False,False
1657,50,plague,0,0,0,0,False,False,False
1657,51,buried,204,186,18,18,True,False,False
1657,51,plague,0,0,0,0,False,False,False
1659,1,buried,346,346,0,0,False,False,True
1659,1,plague,1,1,0,0,False,False,True
1659,2,buried,327,327,0,0,False,False,True
1659,2,plague,0,0,0,0,False,False,True
1659,3,buried,351,351,0,0,False,False,True
1659,3,plague,1,1,0,0,False,False,True
1659,4,buried,341,341,0,0,False,False,True
1659,4,plague,1,1,0,0,False,False,True
1659,5,buried,286,286,0,0,False,False,True
1659,5,plague,0,0,0,0,False,False,True
1659,6,buried,278,278,0,0,False,False,True
1659,6,plague,0,0,0,0,False,False,True
1659,7,buried,296,297,-1,1,True,False,True
1659,7,plague,0,0,0,0,False,False,True
1659,8,buried,301,301,0,0,False,False,True
1659,8,plague,0,0,0,0,False,False,True
1659,9,buried,261,261,0,0,False,False,True
1659,9,plague,0,0,0,0,False,False,True
1659,10,buried,268,268,0,0,False,False,True
1659,10,plague,0,0,0,0,False,False,True
1659,11,buried,279,279,0,0,False,False,True
1659,11,plague,0,0,0,0,False,False,True
1659,13,buried,298,298,0,0,False,False,True
1659,13,plague,0,0,0,0,False,False,True
1659,14,buried,277,277,0,0,False,False,True
1659,14,plague,0,0,0,0,False,False,True
1659,15,buried,310,310,0,0,False,False,True
1659,15,plague,0,0,0,0,False,False,True
1659,16,buried,371,371,0,0,False,False,True
1659,16,plague,0,0,0,0,False,False,True
1659,17,buried,304,304,0,0,False,False,True
1659,17,plague,1,1,0,0,False,False,True
1659,21,buried,288,288,0,0,False,False,False
1659,21,plague,0,0,0,0,False,False,False
1659,22,buried,281,282,-1,1,True,False,True
1659,22,plague,1,1,0,0,False,False,True
1659,23,buried,293,293,0,0,False,False,True
1659,23,plague,3,3,0,0,False,False,True
1659,24,buried,271,271,0,0,False,False,True
1659,24,plague,1,1,0,0,False,False,True
1659,25,buried,282,282,0,0,False,False,True
1659,25,plague,0,0,0,0,False,False,True
1659,26,buried,273,273,0,0,False,False,True
1659,26,plague,0,0,0,0,False,False,True
1659,27,buried,292,292,0,0,False,False,True
1659,27,plague,1,1,0,0,False,False,True
1659,28,buried,308,302,6,6,True,False,True
1659,28,plague,0,0,0,0,False,False,True
1659,29,buried,346,346,0,0,False,False,True
1659,29,plague,3,3,0,0,False,False,True
1659,30,buried,319,319,0,0,False,False,True
1659,30,plague,0,0,0,0,False,False,True
1659,31,buried,322,322,0,0,False,False,True
1659,31,plague,2,2,0,0,False,False,True
1659,32,buried,322,322,0,0,False,False,True
1659,32,plague,0,0,0,0,False,False,True
1659,33,buried,323,324,-1,1,True,False,False
1659,33,plague,4,4,0,0,False,False,False
1659,34,buried,307,307,0,0,False,False,True
1659,34,plague,0,0,0,0,False,False,True
1659,35,buried,303,303,0,0,False,False,True
1659,35,plague,1,1,0,0,False,False,True
1659,36,buried,333,333,0,0,False,False,False
1659,36,plague,3,3,0,0,False,False,False
1659,38,buried,333,333,0,0,False,False,True
1659,38,plague,1,1,0,0,False,False,True
1659,39,buried,318,318,0,0,False,False,True
1659,39,plague,2,2,0,0,False,False,True
1659,40,buried,279,279,0,0,False,False,True
1659,40,plague,1,1,0,0,False,False,True
1659,41,buried,280,280,0,0,False,False,True
1659,41,plague,0,0,0,0,False,False,True
1659,42,buried,250,250,0,0,False,False,True
1659,42,plague,1,1,0,0,False,False,True
1659,43,buried,233,233,0,0,False,False,True
1659,43,plague,0,0,0,0,False,False,True
1659,44,buried,244,244,0,0,False,False,True
1659,44,plague,1,1,0,0,False,False,True
1659,45,buried,219,219,0,0,False,False,True
1659,45,plague,0,0,0,0,False,False,True
1659,46,buried,216,216,0,0,False,False,True
1659,46,plague,0,0,0,0,False,False,True
1659,47,buried,246,226,20,20,True,False,True
1659,47,plague,0,0,0,0,False,False,True
1659,48,buried,260,260,0,0,False,False,True
1659,48,plague,1,1,0,0,False,False,True
1659,51,buried,281,281,0,0,False,False,True
1659,51,plague,0,0,0,0,False,False,True
1659,52,buried,272,272,0,0,False,False,True
1659,52,plague,0,0,0,0,False,False,True
1660,1,buried,318,318,0,0,False,False,True
1660,1,plague,0,0,0,0,False,False,True
1660,2,buried,316,316,0,0,False,False,True
1660,2,plague,0,0,0,0,False,False,True
1660,4,buried,357,354,3,3,True,False,True
1660,4,plague,0,0,0,0,False,False,True
1660,5,buried,332,331,1,1,True,False,True
1660,5,plague,0,0,0,0,False,False,True
1660,6,buried,318,318,0,0,False,False,True
1660,6,plague,0,0,0,0,False,False,True
1660,7,buried,280,280,0,0,False,False,True
1660,7,plague,0,0,0,0,False,False,True
1660,8,buried,314,314,0,0,False,False,True
1660,8,plague,0,0,0,0,False,False,True
1660,9,buried,292,292,0,0,False,False,True
1660,9,plague,0,0,0,0,False,False,True
1660,10,buried,294,294,0,0,False,False,True
1660,10,plague,0,0,0,0,False,False,True
1660,11,buried,348,348,0,0,False,False,True
1660,11,plague,0,0,0,0,False,False,True
1660,15,buried,254,254,0,0,False,False,True
1660,15,plague,0,0,0,0,False,False,True
1660,16,buried,244,254,-10,10,True,False,True
1660,16,plague,0,0,0,0,False,False,True
1660,17,buried,245,245,0,0,False,False,True
1660,17,plague,0,0,0,0,False,False,True
1660,18,buried,268,278,-10,10,True,False,True
1660,18,plague,1,1,0,0,False,False,True
1660,19,buried,277,277,0,0,False,False,True
1660,19,plague,1,1,0,0,False,False,True
1660,20,buried,259,259,0,0,False,False,True
1660,20,plague,0,0,0,0,False,False,True
1660,21,buried,242,242,0,0,False,False,True
1660,21,plague,1,1,0,0,False,False,True
1660,22,buried,255,255,0,0,False,False,True
1660,22,plague,0,0,0,0,False,False,True
1660,23,buried,249,249,0,0,False,False,True
1660,23,plague,0,0,0,0,False,False,True
1660,24,buried,260,262,-2,2,True,False,True
1660,24,plague,1,1,0,0,False,False,True
1660,25,buried,281,281,0,0,False,False,True
1660,25,plague,0,0,0,0,False,False,True
1660,26,buried,241,241,0,0,False,False,True
1660,26,plague,0,0,0,0,False,False,True
1660,27,buried,282,282,0,0,False,False,True
1660,27,plague,0,0,0,0,False,False,True
1660,28,buried,242,242,0,0,False,False,True
1660,28,plague,1,1,0,0,False,False,True
1660,29,buried,204,204,0,0,False,False,True
1660,29,plague,0,0,0,0,False,False,True
1660,30,buried,210,210,0,0,False,False,True
1660,30,plague,1,1,0,0,False,False,True
1660,31,buried,225,225,0,0,False,False,True
1660,31,plague,1,1,0,0,False,False,True
1660,32,buried,244,242,2,2,True,False,True
1660,32,plague,0,0,0,0,False,False,True
1660,33,buried,232,232,0,0,False,False,True
1660,33,plague,0,0,0,0,False,False,True
1660,34,buried,309,309,0,0,False,False,False
1660,34,plague,0,0,0,0,False,False,False
1660,35,buried,334,334,0,0,False,False,True
1660,35,plague,0,0,0,0,False,False,True
1660,36,buried,359,359,0,0,False,False,True
1660,36,plague,0,0,0,0,False,False,True
1660,37,buried,338,338,0,0,False,False,True
1660,37,plague,0,0,0,0,False,False,True
1660,38,buried,344,344,0,0,False,False,True
1660,38,plague,2,2,0,0,False,False,True
1660,39,buried,364,364,0,0,False,False,True
1660,39,plague,0,0,0,0,False,False,True
1660,40,buried,359,359,0,0,False,False,True
1660,40,plague,1,1,0,0,False,False,True
1660,41,buried,333,333,0,0,False,False,True
1660,41,plague,0,0,0,0,False,False,True
1660,42,buried,293,293,0,0,False,False,True
1660,42,plague,0,0,0,0,False,False,True
1660,43,buried,303,303,0,0,False,False,True
1660,43,plague,1,1,0,0,False,False,True
1660,44,buried,311,311,0,0,False,False,True
1660,44,plague,0,0,0,0,False,False,True
1660,45,buried,326,326,0,0,False,False,True
1660,45,plague,0,0,0,0,False,False,True
1660,46,buried,296,296,0,0,False,False,True
1660,46,plague,0,0,0,0,False,False,True
1660,47,buried,306,316,-10,10,True,False,True
1660,47,plague,0,0,0,0,False,False,True
1660,48,buried,317,317,0,0,False,False,True
1660,48,plague,0,0,0,0,False,False,True
1660,49,buried,291,291,0,0,False,False,True
1660,49,plague,0,0,0,0,False,False,True
1660,50,buried,276,278,-2,2,True,False,True
1660,50,plague,0,0,0,0,False,False,True
1660,51,buried,371,371,0,0,False,False,False
1660,51,plague,0,0,0,0,False,False,False
1662,1,buried,307,307,0,0,False,False,True
1662,1,plague,0,0,0,0,False,False,True
1662,2,buried,313,313,0,0,False,False,True
1662,2,plague,0,0,0,0,False,False,True
1662,3,buried,314,314,0,0,False,False,True
1662,3,plague,0,0,0,0,False,False,True
1662,4,buried,255,255,0,0,False,False,False
1662,4,plague,1,1,0,0,False,False,False
1662,5,buried,283,283,0,0,False,False,False
1662,5,plague,0,0,0,0,False,False,False
1662,6,buried,302,302,0,0,False,False,False
1662,6,plague,0,0,0,0,False,False,False
1662,7,buried,281,281,0,0,False,False,False
1662,7,plague,0,0,0,0,False,False,False
1662,8,buried,328,328,0,0,False,False,True
1662,8,plague,0,0,0,0,False,False,True
1662,9,buried,308,308,0,0,False,False,True
1662,9,plague,0,0,0,0,False,False,True
1662,10,buried,290,290,0,0,False,False,True
1662,10,plague,0,0,0,0,False,False,True
1662,11,buried,278,274,4,4,True,False,False
1662,11,plague,0,0,0,0,False,False,False
1662,12,buried,316,316,0,0,False,False,False
1662,12,plague,0,0,0,0,False,False,False
1662,13,buried,361,360,1,1,True,False,True
1662,13,plague,0,0,0,0,False,False,True
1662,14,buried,325,325,0,0,False,False,True
1662,14,plague,0,0,0,0,False,False,True
1662,16,buried,361,361,0,0,False,False,False
1662,16,plague,0,0,0,0,False,False,False
1662,17,buried,340,340,0,0,False,False,True
1662,17,plague,1,1,0,0,False,False,True
1662,18,buried,339,339,0,0,False,False,True
1662,18,plague,0,0,0,0,False,False,True
1662,19,buried,329,329,0,0,False,False,True
1662,19,plague,0,0,0,0,False,False,True
1662,20,buried,362,348,14,14,True,False,True
1662,20,plague,1,1,0,0,False,False,True
1662,21,buried,307,314,-7,7,True,False,True
1662,21,plague,1,1,0,0,False,False,True
1662,22,buried,291,291,0,0,False,False,True
1662,22,plague,0,0,0,0,False,False,True
1662,23,buried,303,303,0,0,False,False,True
1662,23,plague,0,0,0,0,False,False,True
1662,24,buried,353,353,0,0,False,False,True
1662,24,plague,0,0,0,0,False,False,True
1662,25,buried,295,295,0,0,False,False,True
1662,25,plague,0,0,0,0,False,False,True
1662,28,buried,267,267,0,0,False,False,True
1662,28,plague,0,0,0,0,False,False,True
1662,33,buried,235,235,0,0,False,False,True
1662,33,plague,0,0,0,0,False,False,True
1662,43,buried,293,293,0,0,False,False,True
1662,43,plague,0,0,0,0,False,False,True
1662,44,buried,326,326,0,0,False,False,False
1662,44,plague,1,1,0,0,False,False,False
1662,45,buried,321,321,0,0,False,False,True
1662,45,plague,0,0,0,0,False,False,True
1662,46,buried,258,258,0,0,False,False,True
1662,46,plague,0,0,0,0,False,False,True
1662,47,buried,244,244,0,0,False,False,True
1662,47,plague,0,0,0,0,False,False,True
1662,48,buried,264,264,0,0,False,False,True
1662,48,plague,0,0,0,0,False,False,True
1663,1,buried,315,315,0,0,False,False,True
1663,1,plague,0,0,0,0,False,False,True
1663,2,buried,305,295,10,10,True,False,False
1663,2,plague,0,0,0,0,False,False,False
1663,3,buried,366,366,0,0,False,False,True
1663,3,plague,0,0,0,0,False,False,True
1663,4,buried,338,338,0,0,False,False,True
1663,4,plague,0,0,0,0,False,False,True
1663,5,buried,343,343,0,0,False,False,True
1663,5,plague,0,0,0,0,False,False,True
1663,6,buried,318,318,0,0,False,False,False
1663,6,plague,1,1,0,0,False,False,False
1663,7,buried,403,403,0,0,False,False,False
1663,7,plague,0,0,0,0,False,False,False
1663,8,buried,345,345,0,0,False,False,True
1663,8,plague,0,0,0,0,False,False,True
1663,9,buried,368,368,0,0,False,False,True
1663,9,plague,0,0,0,0,False,False,True
1663,10,buried,306,306,0,0,False,False,False
1663,10,plague,0,0,0,0,False,False,False
1663,11,buried,372,372,0,0,False,False,True
1663,11,plague,1,1,0,0,False,False,True
1663,12,buried,362,362,0,0,False,False,True
1663,12,plague,0,0,0,0,False,False,True
1663,13,buried,369,368,1,1,True,False,True
1663,13,plague,0,0,0,0,False,False,True
1663,14,buried,395,395,0,0,False,False,True
1663,14,plague,0,0,0,0,False,False,True
1663,15,buried,302,302,0,0,False,False,True
1663,15,plague,0,0,0,0,False,False,True
1663,16,buried,322,322,0,0,False,False,True
1663,16,plague,0,0,0,0,False,False,True
1663,17,buried,278,278,0,0,False,False,True
1663,17,plague,0,0,0,0,False,False,True
1663,18,buried,311,301,10,10,True,False,True
1663,18,plague,0,0,0,0,False,False,True
1663,19,buried,316,316,0,0,False,False,True
1663,19,plague,0,0,0,0,False,False,True
1663,20,buried,319,319,0,0,False,False,True
1663,20,plague,0,0,0,0,False,False,True
1663,21,buried,321,321,0,0,False,False,True
1663,21,plague,0,0,0,0,False,False,True
1663,22,buried,264,264,0,0,False,False,True
1663,22,plague,0,0,0,0,False,False,True
1663,23,buried,273,273,0,0,False,False,True
1663,23,plague,0,0,0,0,False,False,True
1663,24,buried,225,225,0,0,False,False,False
1663,24,plague,0,0,0,0,False,False,False
1663,25,buried,246,246,0,0,False,False,True
1663,25,plague,0,0,0,0,False,False,True
1663,26,buried,283,283,0,0,False,False,True
1663,26,plague,0,0,0,0,False,False,True
1663,27,buried,550,550,0,0,False,False,False
1663,27,plague,0,0,0,0,False,False,False
1663,28,buried,490,490,0,0,False,False,True
1663,28,plague,0,0,0,0,False,False,True
1663,29,buried,478,478,0,0,False,False,True
1663,29,plague,0,0,0,0,False,False,True
1663,30,buried,440,440,0,0,False,False,False
1663,30,plague,2,2,0,0,False,False,False
1663,31,buried,498,498,0,0,False,False,True
1663,31,plague,0,0,0,0,False,False,True
1663,32,buried,565,574,-9,9,True,False,True
1663,32,plague,2,2,0,0,False,False,True
1663,33,buried,538,538,0,0,False,False,True
1663,33,plague,0,0,0,0,False,False,True
1663,34,buried,608,608,0,0,False,False,False
1663,34,plague,2,2,0,0,False,False,False
1663,35,buried,580,580,0,0,False,False,True
1663,35,plague,2,2,0,0,False,False,True
1663,36,buried,686,686,0,0,False,False,True
1663,36,plague,2,2,0,0,False,False,True
1663,37,buried,636,636,0,0,False,False,True
1663,37,plague,0,0,0,0,False,False,True
1663,38,buried,678,677,1,1,True,False,True
1663,38,plague,0,0,0,0,False,False,True
1663,39,buried,692,692,0,0,False,False,True
1663,39,plague,0,0,0,0,False,False,True
1663,40,buried,646,644,2,2,True,False,False
1663,40,plague,0,0,0,0,False,False,False
1663,41,buried,294,294,0,0,False,False,True
1663,41,plague,0,0,0,0,False,False,True
1663,42,buried,316,318,-2,2,True,False,False
1663,42,plague,0,0,0,0,False,False,False
1663,43,buried,327,327,0,0,False,False,True
1663,43,plague,2,2,0,0,False,False,True
1663,44,buried,314,304,10,10,True,False,False
1663,44,plague,0,0,0,0,False,False,False
1663,45,buried,301,301,0,0,False,False,False
1663,45,plague,0,0,0,0,False,False,False
1663,46,buried,313,313,0,0,False,False,False
1663,46,plague,0,0,0,0,False,False,False
1663,47,buried,265,265,0,0,False,False,False
1663,47,plague,0,0,0,0,False,False,False
1663,48,buried,273,273,0,0,False,False,False
1663,48,plague,1,1,0,0,False,False,False
1663,49,buried,304,307,-3,3,True,False,False
1663,49,plague,0,0,0,0,False,False,False
1663,50,buried,259,259,0,0,False,False,False
1663,50,plague,0,0,0,0,False,False,False
1663,51,buried,282,283,-1,1,True,False,True
1663,51,plague,0,0,0,0,False,False,True
1663,52,buried,341,341,0,0,False,False,False
1663,52,plague,0,0,0,0,False,False,False
1664,1,buried,291,291,0,0,False,False,True
1664,1,plague,1,1,0,0,False,False,True
1664,2,buried,349,349,0,0,False,False,True
1664,2,plague,0,0,0,0,False,False,True
1664,3,buried,394,394,0,0,False,False,True
1664,3,plague,0,0,0,0,False,False,True
1664,4,buried,415,414,1,1,True,False,False
1664,4,plague,0,0,0,0,False,False,False
1664,5,buried,474,474,0,0,False,False,True
1664,5,plague,0,0,0,0,False,False,True
1664,6,buried,409,409,0,0,False,False,False
1664,6,plague,0,0,0,0,False,False,False
1664,7,buried,393,393,0,0,False,False,True
1664,7,plague,0,0,0,0,False,False,True
1664,8,buried,462,462,0,0,False,False,True
1664,8,plague,1,1,0,0,False,False,True
1664,9,buried,393,393,0,0,False,False,True
1664,9,plague,0,0,0,0,False,False,True
1664,10,buried,396,396,0,0,False,False,True
1664,10,plague,0,0,0,0,False,False,True
1664,11,buried,441,441,0,0,False,False,True
1664,11,plague,0,0,0,0,False,False,True
1664,12,buried,433,433,0,0,False,False,True
1664,12,plague,0,0,0,0,False,False,True
1664,13,buried,363,363,0,0,False,False,False
1664,13,plague,0,0,0,0,False,False,False
1664,15,buried,415,415,0,0,False,False,True
1664,15,plague,0,0,0,0,False,False,True
1664,16,buried,387,387,0,0,False,False,True
1664,16,plague,1,1,0,0,False,False,True
1664,17,buried,377,377,0,0,False,False,True
1664,17,plague,0,0,0,0,False,False,True
1664,18,buried,384,384,0,0,False,False,True
1664,18,plague,0,0,0,0,False,False,True
1664,19,buried,408,408,0,0,False,False,True
1664,19,plague,0,0,0,0,False,False,True
1664,20,buried,365,365,0,0,False,False,True
1664,20,plague,0,0,0,0,False,False,True
1664,21,buried,362,363,-1,1,True,False,True
1664,21,plague,0,0,0,0,False,False,True
1664,22,buried,370,371,-1,1,True,False,True
1664,22,plague,0,0,0,0,False,False,True
1664,23,buried,376,376,0,0,False,False,True
1664,23,plague,0,0,0,0,False,False,True
1664,24,buried,340,340,0,0,False,False,True
1664,24,plague,0,0,0,0,False,False,True
1664,25,buried,348,349,-1,1,True,False,False
1664,25,plague,0,0,0,0,False,False,False
1664,26,buried,330,330,0,0,False,False,True
1664,26,plague,0,0,0,0,False,False,True
1664,27,buried,324,324,0,0,False,False,True
1664,27,plague,0,0,0,0,False,False,True
1664,28,buried,345,351,-6,6,True,False,False
1664,28,plague,0,0,0,0,False,False,False
1664,29,buried,398,398,0,0,False,False,False
1664,29,plague,1,1,0,0,False,False,False
1664,30,buried,439,439,0,0,False,False,False
1664,30,plague,0,0,0,0,False,False,False
1664,31,buried,0,51,-51,51,True,False,False
1664,31,plague,0,0,0,0,False,False,False
1664,32,buried,367,369,-2,2,True,False,True
1664,32,plague,0,0,0,0,False,False,True
1664,33,buried,348,349,-1,1,True,False,True
1664,33,plague,0,0,0,0,False,False,True
1664,34,buried,290,290,0,0,False,False,True
1664,34,plague,0,0,0,0,False,False,True
1664,35,buried,322,323,-1,1,True,False,True
1664,35,plague,0,0,0,0,False,False,True
1664,36,buried,331,331,0,0,False,False,True
1664,36,plague,0,0,0,0,False,False,True
1664,37,buried,384,383,1,1,True,False,False
1664,37,plague,1,1,0,0,False,False,False
1664,38,buried,342,342,0,0,False,False,True
1664,38,plague,0,0,0,0,False,False,True
1664,39,buried,354,354,0,0,False,False,True
1664,39,plague,0,0,0,0,False,False,True
1664,40,buried,333,334,-1,1,True,False,False
1664,40,plague,0,0,0,0,False,False,False
1664,41,buried,319,319,0,0,False,False,True
1664,41,plague,0,0,0,0,False,False,True
1664,42,buried,306,306,0,0,False,False,False
1664,42,plague,0,0,0,0,False,False,False
1664,43,buried,315,315,0,0,False,False,False
1664,43,plague,0,0,0,0,False,False,False
1664,44,buried,254,254,0,0,False,False,False
1664,44,plague,0,0,0,0,False,False,False
1664,45,buried,285,283,2,2,True,False,True
1664,45,plague,0,0,0,0,False,False,True
1664,46,buried,290,290,0,0,False,False,True
1664,46,plague,0,0,0,0,False,False,True
1664,47,buried,292,292,0,0,False,False,True
1664,47,plague,0,0,0,0,False,False,True
1664,48,buried,299,299,0,0,False,False,True
1664,48,plague,1,1,0,0,False,False,True
1664,49,buried,307,307,0,0,False,False,True
1664,49,plague,0,0,0,0,False,False,True
1664,50,buried,305,303,2,2,True,False,True
1664,50,plague,0,0,0,0,False,False,True
1664,51,buried,325,325,0,0,False,False,True
1664,51,plague,0,0,0,0,False,False,True
1664,52,buried,338,337,1,1,True,False,True
1664,52,plague,0,0,0,0,False,False,True
1664,53,buried,315,315,0,0,False,False,True
1664,53,plague,0,0,0,0,False,False,True
1665,1,buried,660,660,0,0,False,False,False
1665,1,plague,304,304,0,0,False,False,False
1665,2,buried,506,506,0,0,False,False,False
1665,2,plague,140,140,0,0,False,False,False
1665,3,buried,530,530,0,0,False,False,False
1665,3,plague,178,178,0,0,False,False,False
1665,4,buried,1125,1142,-17,17,True,False,False
1665,4,plague,474,474,0,0,False,False,False
1665,5,buried,816,817,-1,1,True,False,False
1665,5,plague,237,237,0,0,False,False,False
1665,6,buried,681,681,0,0,False,False,False
1665,6,plague,168,168,0,0,False,False,False
1665,7,buried,693,693,0,0,False,False,False
1665,7,plague,156,156,0,0,False,False,False
1665,8,buried,747,747,0,0,False,False,False
1665,8,plague,177,177,0,0,False,False,False
1665,9,buried,756,756,0,0,False,False,True
1665,9,plague,207,207,0,0,False,False,True
1665,10,buried,711,709,2,2,True,False,False
1665,10,plague,126,126,0,0,False,False,False
1665,11,buried,714,714,0,0,False,False,True
1665,11,plague,84,84,0,0,False,False,True
1665,12,buried,621,621,0,0,False,False,True
1665,12,plague,87,87,0,0,False,False,True
1665,13,buried,699,699,0,0,False,False,True
1665,13,plague,99,99,0,0,False,False,True
1665,14,buried,353,353,0,0,False,False,True
1665,14,plague,0,0,0,0,False,False,True
1665,15,buried,688,678,10,10,True,False,True
1665,15,plague,0,0,0,0,False,False,True
1665,16,buried,764,753,11,11,True,False,True
1665,16,plague,0,0,0,0,False,False,True
1665,17,buried,344,344,0,0,False,False,True
1665,17,plague,0,0,0,0,False,False,True
1665,18,buried,398,398,0,0,False,False,True
1665,18,plague,2,2,0,0,False,False,True
1665,19,buried,388,388,0,0,False,False,True
1665,19,plague,0,0,0,0,False,False,True
1665,20,buried,347,347,0,0,False,False,False
1665,20,plague,9,9,0,0,False,False,False
1665,21,buried,353,353,0,0,False,False,True
1665,21,plague,3,3,0,0,False,False,True
1665,22,buried,385,383,2,2,True,False,True
1665,22,plague,14,13,1,1,True,False,True
1665,23,buried,399,398,1,1,True,False,True
1665,23,plague,17,17,0,0,False,False,True
1665,24,buried,405,405,0,0,False,False,True
1665,24,plague,43,43,0,0,False,False,True
1665,25,buried,558,558,0,0,False,False,True
1665,25,plague,112,112,0,0,False,False,True
1665,26,buried,611,611,0,0,False,False,True
1665,26,plague,168,168,0,0,False,False,True
1665,27,buried,684,681,3,3,True,False,True
1665,27,plague,267,267,0,0,False,False,True
1665,28,buried,1006,1006,0,0,False,False,True
1665,28,plague,470,470,0,0,False,False,True
1665,29,buried,1268,1268,0,0,False,False,True
1665,29,plague,725,725,0,0,False,False,True
1665,30,buried,1761,1761,0,0,False,False,False
1665,30,plague,1089,1089,0,0,False,False,False
1665,31,buried,2785,2785,0,0,False,False,True
1665,31,plague,1843,1843,0,0,False,False,True
1665,32,buried,1767,2172,-405,405,True,False,False
1665,32,plague,111,1433,-1322,1322,True,False,False
1665,33,buried,4030,4030,0,0,False,False,True
1665,33,plague,2817,2817,0,0,False,False,True
1665,34,buried,5319,5319,0,0,False,False,True
1665,34,plague,3880,3880,0,0,False,False,True
1665,35,buried,5568,5568,0,0,False,False,True
1665,35,plague,4237,4237,0,0,False,False,True
1665,36,buried,7496,7496,0,0,False,False,True
1665,36,plague,6102,6102,0,0,False,False,True
1665,37,buried,8252,8252,0,0,False,False,False
1665,37,plague,6978,6988,-10,10,True,False,False
1665,38,buried,7690,7690,0,0,False,False,True
1665,38,plague,6544,6544,0,0,False,False,True
1665,39,buried,8325,8297,28,28,True,False,True
1665,39,plague,7165,7165,0,0,False,False,True
1665,44,buried,1806,1806,0,0,False,False,True
1665,44,plague,1421,1421,0,0,False,False,True
1665,45,buried,1388,1388,0,0,False,False,True
1665,45,plague,1031,1031,0,0,False,False,True
1665,46,buried,1787,1786,1,1,True,False,True
1665,46,plague,1414,1414,0,0,False,False,True
1665,47,buried,1359,1359,0,0,False,False,True
1665,47,plague,1050,1050,0,0,False,False,True
1665,48,buried,905,895,10,10,True,False,False
1665,48,plague,652,652,0,0,False,False,False
1665,49,buried,544,543,1,1,True,False,True
1665,49,plague,333,333,0,0,False,False,True
1665,50,buried,428,428,0,0,False,False,True
1665,50,plague,210,210,0,0,False,False,True
1665,51,buried,442,442,0,0,False,False,False
1665,51,plague,243,243,0,0,False,False,False
1665,52,buried,1050,1050,0,0,False,False,False
1665,52,plague,562,562,0,0,False,False,False
1666,1,buried,254,254,0,0,False,False,True
1666,1,plague,4,4,0,0,False,False,True
1666,2,buried,295,285,10,10,True,False,True
1666,2,plague,2,2,0,0,False,False,True
1666,3,buried,324,324,0,0,False,False,True
1666,3,plague,4,4,0,0,False,False,True
1666,4,buried,373,363,10,10,True,False,True
1666,4,plague,1,1,0,0,False,False,True
1666,5,buried,319,319,0,0,False,False,True
1666,5,plague,5,5,0,0,False,False,True
1666,6,buried,359,359,0,0,False,False,True
1666,6,plague,3,3,0,0,False,False,True
1666,7,buried,297,297,0,0,False,False,True
1666,7,plague,1,1,0,0,False,False,True
1666,8,buried,287,287,0,0,False,False,True
1666,8,plague,1,1,0,0,False,False,True
1666,9,buried,250,250,0,0,False,False,True
1666,9,plague,1,1,0,0,False,False,True
1666,10,buried,266,266,0,0,False,False,True
1666,10,plague,0,0,0,0,False,False,True
1666,11,buried,242,242,0,0,False,False,True
1666,11,plague,0,0,0,0,False,False,True
1666,12,buried,303,303,0,0,False,False,True
1666,12,plague,0,0,0,0,False,False,True
1666,13,buried,279,279,0,0,False,False,True
1666,13,plague,0,0,0,0,False,False,True
1666,14,buried,448,448,0,0,False,False,True
1666,14,plague,34,34,0,0,False,False,True
1666,15,buried,422,422,0,0,False,False,True
1666,15,plague,52,52,0,0,False,False,True
1666,16,buried,390,390,0,0,False,False,True
1666,16,plague,56,56,0,0,False,False,True
1666,17,buried,430,429,1,1,True,False,False
1666,17,plague,80,80,0,0,False,False,False
1666,18,buried,430,430,0,0,False,False,False
1666,18,plague,48,48,0,0,False,False,False
1666,19,buried,426,426,0,0,False,False,True
1666,19,plague,80,80,0,0,False,False,True
1666,20,buried,468,468,0,0,False,False,False
1666,20,plague,106,106,0,0,False,False,False
1666,21,buried,472,472,0,0,False,False,True
1666,21,plague,116,116,0,0,False,False,True
1666,22,buried,406,405,1,1,True,False,False
1666,22,plague,62,62,0,0,False,False,False
1666,23,buried,402,402,0,0,False,False,True
1666,23,plague,40,40,0,0,False,False,True
1666,24,buried,382,382,0,0,False,False,True
1666,24,plague,54,54,0,0,False,False,True
1666,25,buried,394,394,0,0,False,False,True
1666,25,plague,62,62,0,0,False,False,True
1666,26,buried,358,358,0,0,False,False,True
1666,26,plague,46,46,0,0,False,False,True
1666,27,buried,446,443,3,3,True,False,True
1666,27,plague,66,66,0,0,False,False,True
1666,28,buried,444,444,0,0,False,False,True
1666,28,plague,70,70,0,0,False,False,True
1666,29,buried,494,494,0,0,False,False,True
1666,29,plague,66,66,0,0,False,False,True
1666,30,buried,588,588,0,0,False,False,True
1666,30,plague,102,102,0,0,False,False,True
1666,31,buried,652,652,0,0,False,False,False
1666,31,plague,96,96,0,0,False,False,False
1666,32,buried,682,683,-1,1,True,False,True
1666,32,plague,76,76,0,0,False,False,True
1666,33,buried,672,674,-2,2,True,False,False
1666,33,plague,84,84,0,0,False,False,False
1666,34,buried,664,664,0,0,False,False,True
1666,34,plague,96,96,0,0,False,False,True
1666,35,buried,580,580,0,0,False,False,True
1666,35,plague,84,84,0,0,False,False,True
1666,36,buried,532,532,0,0,False,False,True
1666,36,plague,60,60,0,0,False,False,True
1666,39,buried,704,704,0,0,False,False,True
1666,39,plague,104,104,0,0,False,False,True
1666,40,buried,512,512,0,0,False,False,False
1666,40,plague,62,62,0,0,False,False,False
1666,41,buried,448,448,0,0,False,False,True
1666,41,plague,46,46,0,0,False,False,True
1666,42,buried,518,518,0,0,False,False,True
1666,42,plague,30,30,0,0,False,False,True
1666,43,buried,476,475,1,1,True,False,True
1666,43,plague,48,48,0,0,False,False,True
1666,44,buried,420,391,29,29,True,False,True
1666,44,plague,32,32,0,0,False,False,True
1666,45,buried,440,440,0,0,False,False,True
1666,45,plague,28,28,0,0,False,False,True
1666,46,buried,213,213,0,0,False,False,True
1666,46,plague,10,10,0,0,False,False,True
1666,47,buried,243,243,0,0,False,False,True
1666,47,plague,3,3,0,0,False,False,True
1666,48,buried,235,235,0,0,False,False,True
1666,48,plague,8,8,0,0,False,False,True
1666,49,buried,247,247,0,0,False,False,True
1666,49,plague,7,7,0,0,False,False,True
1666,50,buried,246,246,0,0,False,False,True
1666,50,plague,2,2,0,0,False,False,True
1666,51,buried,260,260,0,0,False,False,True
1666,51,plague,4,4,0,0,False,False,True
1666,52,buried,223,223,0,0,False,False,True
1666,52,plague,3,3,0,0,False,False,True
1667,6,buried,324,324,0,0,False,False,True
1667,6,plague,1,1,0,0,False,False,True
1667,7,buried,290,290,0,0,False,False,True
1667,7,plague,1,1,0,0,False,False,True
1667,8,buried,270,270,0,0,False,False,True
1667,8,plague,1,1,0,0,False,False,True
1667,9,buried,254,254,0,0,False,False,True
1667,9,plague,2,2,0,0,False,False,True
1667,10,buried,284,284,0,0,False,False,True
1667,10,plague,0,0,0,0,False,False,True
1667,11,buried,272,272,0,0,False,False,True
1667,11,plague,0,0,0,0,False,False,True
1667,12,buried,290,290,0,0,False,False,True
1667,12,plague,0,0,0,0,False,False,True
1667,13,buried,295,295,0,0,False,False,True
1667,13,plague,0,0,0,0,False,False,True
1667,14,buried,563,568,-5,5,True,False,True
1667,14,plague,0,0,0,0,False,False,True
1667,15,buried,229,229,0,0,False,False,True
1667,15,plague,0,0,0,0,False,False,True
1667,16,buried,279,279,0,0,False,False,True
1667,16,plague,1,1,0,0,False,False,True
1667,17,buried,263,263,0,0,False,False,True
1667,17,plague,0,0,0,0,False,False,True
1667,18,buried,264,264,0,0,False,False,True
1667,18,plague,0,0,0,0,False,False,True
1667,19,buried,246,246,0,0,False,False,True
1667,19,plague,0,0,0,0,False,False,True
1667,20,buried,232,232,0,0,False,False,True
1667,20,plague,0,0,0,0,False,False,True
1667,21,buried,221,221,0,0,False,False,True
1667,21,plague,0,0,0,0,False,False,True
1667,22,buried,203,203,0,0,False,False,True
1667,22,plague,0,0,0,0,False,False,True
1667,23,buried,219,219,0,0,False,False,True
1667,23,plague,0,0,0,0,False,False,True
1667,24,buried,210,210,0,0,False,False,True
1667,24,plague,0,0,0,0,False,False,True
1667,25,buried,205,205,0,0,False,False,True
1667,25,plague,0,0,0,0,False,False,True
1667,26,buried,236,236,0,0,False,False,True
1667,26,plague,0,0,0,0,False,False,True
1667,27,buried,275,275,0,0,False,False,True
1667,27,plague,0,0,0,0,False,False,True
1667,28,buried,324,323,1,1,True,False,True
1667,28,plague,0,0,0,0,False,False,True
1667,29,buried,292,292,0,0,False,False,True
1667,29,plague,0,0,0,0,False,False,True
1667,30,buried,416,416,0,0,False,False,True
1667,30,plague,2,2,0,0,False,False,True
1667,31,buried,416,416,0,0,False,False,True
1667,31,plague,0,0,0,0,False,False,True
1667,32,buried,373,373,0,0,False,False,True
1667,32,plague,0,0,0,0,False,False,True
1667,33,buried,404,404,0,0,False,False,True
1667,33,plague,0,0,0,0,False,False,True
1667,34,buried,514,514,0,0,False,False,True
1667,34,plague,1,1,0,0,False,False,True
1667,35,buried,390,390,0,0,False,False,True
1667,35,plague,0,0,0,0,False,False,True
1667,36,buried,399,399,0,0,False,False,True
1667,36,plague,1,1,0,0,False,False,True
1667,37,buried,346,346,0,0,False,False,True
1667,37,plague,0,0,0,0,False,False,True
1667,38,buried,331,330,1,1,True,False,True
1667,38,plague,1,1,0,0,False,False,True
1667,39,buried,311,311,0,0,False,False,True
1667,39,plague,1,1,0,0,False,False,True
1667,40,buried,320,320,0,0,False,False,True
1667,40,plague,1,1,0,0,False,False,True
1667,41,buried,283,283,0,0,False,False,True
1667,41,plague,1,1,0,0,False,False,True
1667,42,buried,311,311,0,0,False,False,True
1667,42,plague,1,1,0,0,False,False,True
1667,43,buried,268,272,-4,4,True,False,True
1667,43,plague,0,0,0,0,False,False,True
1667,44,buried,298,298,0,0,False,False,True
1667,44,plague,0,0,0,0,False,False,True
1667,45,buried,293,294,-1,1,True,False,True
1667,45,plague,0,0,0,0,False,False,True
1667,46,buried,285,285,0,0,False,False,True
1667,46,plague,0,0,0,0,False,False,True
1667,47,buried,329,329,0,0,False,False,True
1667,47,plague,1,1,0,0,False,False,True
1667,48,buried,332,342,-10,10,True,False,True
1667,48,plague,0,0,0,0,False,False,True
1667,49,buried,365,365,0,0,False,False,True
1667,49,plague,0,0,0,0,False,False,True
1667,50,buried,371,371,0,0,False,False,True
1667,50,plague,1,1,0,0,False,False,True
1667,51,buried,359,359,0,0,False,False,True
1667,51,plague,0,0,0,0,False,False,True
1667,52,buried,321,321,0,0,False,False,True
1667,52,plague,1,1,0,0,False,False,True
1668,1,buried,285,285,0,0,False,False,True
1668,1,plague,0,0,0,0,False,False,True
1668,2,buried,346,346,0,0,False,False,True
1668,2,plague,0,0,0,0,False,False,True
1668,3,buried,371,371,0,0,False,False,True
1668,3,plague,0,0,0,0,False,False,True
1668,4,buried,375,375,0,0,False,False,True
1668,4,plague,0,0,0,0,False,False,True
1668,5,buried,406,406,0,0,False,False,True
1668,5,plague,0,0,0,0,False,False,True
1668,6,buried,368,368,0,0,False,False,True
1668,6,plague,0,0,0,0,False,False,True
1668,7,buried,356,356,0,0,False,False,True
1668,7,plague,0,0,0,0,False,False,True
1668,8,buried,320,320,0,0,False,False,True
1668,8,plague,0,0,0,0,False,False,True
1668,9,buried,305,305,0,0,False,False,True
1668,9,plague,0,0,0,0,False,False,True
1668,10,buried,340,340,0,0,False,False,True
1668,10,plague,0,0,0,0,False,False,True
1668,11,buried,314,314,0,0,False,False,True
1668,11,plague,0,0,0,0,False,False,True
1668,12,buried,331,331,0,0,False,False,True
1668,12,plague,0,0,0,0,False,False,True
1668,13,buried,300,300,0,0,False,False,True
1668,13,plague,0,0,0,0,False,False,True
1668,15,buried,391,391,0,0,False,False,True
1668,15,plague,1,1,0,0,False,False,True
1668,16,buried,376,376,0,0,False,False,True
1668,16,plague,0,0,0,0,False,False,True
1668,17,buried,382,382,0,0,False,False,True
1668,17,plague,0,0,0,0,False,False,True
1668,18,buried,366,366,0,0,False,False,True
1668,18,plague,1,1,0,0,False,False,True
1668,19,buried,344,344,0,0,False,False,True
1668,19,plague,1,1,0,0,False,False,True
1668,20,buried,305,305,0,0,False,False,True
1668,20,plague,0,0,0,0,False,False,True
1668,21,buried,340,340,0,0,False,False,True
1668,21,plague,0,0,0,0,False,False,True
1668,22,buried,361,361,0,0,False,False,True
1668,22,plague,0,0,0,0,False,False,True
1668,23,buried,298,298,0,0,False,False,True
1668,23,plague,0,0,0,0,False,False,True
1668,24,buried,319,319,0,0,False,False,True
1668,24,plague,0,0,0,0,False,False,True
1668,25,buried,305,305,0,0,False,False,True
1668,25,plague,0,0,0,0,False,False,True
1668,26,buried,295,295,0,0,False,False,True
1668,26,plague,0,0,0,0,False,False,True
1668,27,buried,272,272,0,0,False,False,True
1668,27,plague,0,0,0,0,False,False,True
1668,28,buried,271,271,0,0,False,False,True
1668,28,plague,0,0,0,0,False,False,True
1668,29,buried,277,277,0,0,False,False,True
1668,29,plague,0,0,0,0,False,False,True
1668,30,buried,269,269,0,0,False,False,True
1668,30,plague,0,0,0,0,False,False,True
1668,31,buried,404,404,0,0,False,False,True
1668,31,plague,0,0,0,0,False,False,True
1668,32,buried,367,367,0,0,False,False,True
1668,32,plague,0,0,0,0,False,False,True
1668,34,buried,328,328,0,0,False,False,True
1668,34,plague,1,1,0,0,False,False,True
1668,35,buried,328,328,0,0,False,False,True
1668,35,plague,1,1,0,0,False,False,True
1668,36,buried,362,362,0,0,False,False,True
1668,36,plague,0,0,0,0,False,False,True
1668,37,buried,309,309,0,0,False,False,True
1668,37,plague,0,0,0,0,False,False,True
1668,38,buried,317,317,0,0,False,False,True
1668,38,plague,0,0,0,0,False,False,True
1668,39,buried,333,333,0,0,False,False,True
1668,39,plague,0,0,0,0,False,False,True
1668,40,buried,362,362,0,0,False,False,True
1668,40,plague,0,0,0,0,False,False,True
1668,41,buried,376,376,0,0,False,False,True
1668,41,plague,1,1,0,0,False,False,True
1668,42,buried,410,410,0,0,False,False,True
1668,42,plague,0,0,0,0,False,False,True
1668,43,buried,412,412,0,0,False,False,True
1668,43,plague,0,0,0,0,False,False,True
1668,44,buried,332,342,-10,10,True,False,True
1668,44,plague,0,0,0,0,False,False,True
1668,45,buried,321,321,0,0,False,False,True
1668,45,plague,0,0,0,0,False,False,True
1668,46,buried,343,343,0,0,False,False,True
1668,46,plague,0,0,0,0,False,False,True
1668,47,buried,313,313,0,0,False,False,True
1668,47,plague,0,0,0,0,False,False,True
1668,48,buried,310,310,0,0,False,False,True
1668,48,plague,0,0,0,0,False,False,True
1668,49,buried,336,336,0,0,False,False,True
1668,49,plague,0,0,0,0,False,False,True
1668,50,buried,330,330,0,0,False,False,True
1668,50,plague,0,0,0,0,False,False,True
1668,51,buried,317,317,0,0,False,False,True
1668,51,plague,1,1,0,0,False,False,True
1668,52,buried,334,334,0,0,False,False,True
1668,52,plague,0,0,0,0,False,False,True
1668,53,buried,273,273,0,0,False,False,True
1668,53,plague,0,0,0,0,False,False,True
1669,1,buried,744,810,-66,66,True,False,False
1669,1,plague,0,0,0,0,False,False,False
1669,2,buried,768,793,-25,25,True,False,False
1669,2,plague,0,0,0,0,False,False,False
1669,3,buried,688,736,-48,48,True,False,False
1669,3,plague,0,0,0,0,False,False,False
1669,4,buried,578,628,-50,50,True,False,True
1669,4,plague,0,0,0,0,False,False,True
1669,5,buried,597,643,-46,46,True,False,True
1669,5,plague,0,0,0,0,False,False,True
1669,6,buried,641,711,-70,70,True,False,True
1669,6,plague,0,0,0,0,False,False,True
1669,7,buried,753,822,-69,69,True,False,True
1669,7,plague,0,0,0,0,False,False,True
1669,8,buried,792,892,-100,100,True,False,True
1669,8,plague,0,0,0,0,False,False,True
1669,9,buried,774,850,-76,76,True,False,True
1669,9,plague,0,0,0,0,False,False,True
1669,10,buried,713,774,-61,61,True,False,True
1669,10,plague,0,0,0,0,False,False,True
1669,11,buried,806,885,-79,79,True,False,True
1669,11,plague,0,0,0,0,False,False,True
1669,12,buried,676,746,-70,70,True,False,True
1669,12,plague,0,0,0,0,False,False,True
1669,13,buried,713,790,-77,77,True,False,True
1669,13,plague,0,0,0,0,False,False,True
1669,14,buried,271,271,0,0,False,False,True
1669,14,plague,0,0,0,0,False,False,True
1669,15,buried,332,332,0,0,False,False,True
1669,15,plague,0,0,0,0,False,False,True
1669,16,buried,312,312,0,0,False,False,True
1669,16,plague,0,0,0,0,False,False,True
1669,17,buried,299,299,0,0,False,False,True
1669,17,plague,0,0,0,0,False,False,True
1669,18,buried,293,293,0,0,False,False,True
1669,18,plague,0,0,0,0,False,False,True
1669,19,buried,276,276,0,0,False,False,True
1669,19,plague,0,0,0,0,False,False,True
1669,20,buried,274,274,0,0,False,False,True
1669,20,plague,0,0,0,0,False,False,True
1669,21,buried,475,525,-50,50,True,False,False
1669,21,plague,0,0,0,0,False,False,False
1669,22,buried,489,509,-20,20,True,False,False
1669,22,plague,0,0,0,0,False,False,False
1669,23,buried,463,498,-35,35,True,False,False
1669,23,plague,0,0,0,0,False,False,False
1669,24,buried,436,477,-41,41,True,False,True
1669,24,plague,0,0,0,0,False,False,True
1669,25,buried,378,418,-40,40,True,False,True
1669,25,plague,0,0,0,0,False,False,True
1669,26,buried,541,592,-51,51,True,False,False
1669,26,plague,0,0,0,0,False,False,False
1669,27,buried,525,546,-21,21,True,False,False
1669,27,plague,0,0,0,0,False,False,False
1669,28,buried,677,730,-53,53,True,False,True
1669,28,plague,0,0,0,0,False,False,True
1669,29,buried,391,371,20,20,True,False,True
1669,29,plague,0,0,0,0,False,False,True
1669,30,buried,718,778,-60,60,True,False,True
1669,30,plague,0,0,0,0,False,False,True
1669,31,buried,686,736,-50,50,True,False,True
1669,31,plague,0,0,0,0,False,False,True
1669,32,buried,624,689,-65,65,True,False,True
1669,32,plague,0,0,0,0,False,False,True
1669,33,buried,804,871,-67,67,True,False,True
1669,33,plague,0,0,0,0,False,False,True
1669,34,buried,834,1010,-176,176,True,False,True
1669,34,plague,0,0,0,0,False,False,True
1669,35,buried,891,962,-71,71,True,False,True
1669,35,plague,0,0,0,0,False,False,True
1669,36,buried,1233,1330,-97,97,True,False,True
1669,36,plague,0,0,0,0,False,False,True
1669,37,buried,1298,1354,-56,56,True,False,True
1669,37,plague,0,0,0,0,False,False,True
1669,38,buried,1154,1234,-80,80,True,False,True
1669,38,plague,0,0,0,0,False,False,True
1669,39,buried,966,1048,-82,82,True,False,True
1669,39,plague,0,0,0,0,False,False,True
1669,40,buried,1076,1143,-67,67,True,False,True
1669,40,plague,0,0,0,0,False,False,True
1669,41,buried,1029,1108,-79,79,True,False,True
1669,41,plague,2,2,0,0,False,False,True
1669,42,buried,976,1034,-58,58,True,False,False
1669,42,plague,0,0,0,0,False,False,False
1669,43,buried,887,946,-59,59,True,False,True
1669,43,plague,2,2,0,0,False,False,True
1669,44,buried,786,842,-56,56,True,False,True
1669,44,plague,2,2,0,0,False,False,True
1669,45,buried,692,732,-40,40,True,False,True
1669,45,plague,0,0,0,0,False,False,True
1669,46,buried,611,668,-57,57,True,False,True
1669,46,plague,0,0,0,0,False,False,True
1669,47,buried,573,616,-43,43,True,False,True
1669,47,plague,0,0,0,0,False,False,True
1669,48,buried,611,670,-59,59,True,False,True
1669,48,plague,0,0,0,0,False,False,True
1669,49,buried,543,596,-53,53,True,False,True
1669,49,plague,0,0,0,0,False,False,True
1669,50,buried,587,634,-47,47,True,False,True
1669,50,plague,0,0,0,0,False,False,True
1669,51,buried,547,592,-45,45,True,False,True
1669,51,plague,0,0,0,0,False,False,True
1669,52,buried,698,782,-84,84,True,False,False
1669,52,plague,0,0,0,0,False,False,False
1670,1,buried,263,263,0,0,False,False,True
1670,1,plague,0,0,0,0,False,False,True
1670,2,buried,292,292,0,0,False,False,True
1670,2,plague,0,0,0,0,False,False,True
1670,3,buried,297,297,0,0,False,False,True
1670,3,plague,0,0,0,0,False,False,True
1670,4,buried,282,283,-1,1,True,False,True
1670,4,plague,0,0,0,0,False,False,True
1670,5,buried,271,271,0,0,False,False,True
1670,5,plague,0,0,0,0,False,False,True
1670,6,buried,265,265,0,0,False,False,True
1670,6,plague,0,0,0,0,False,False,True
1670,7,buried,295,295,0,0,False,False,True
1670,7,plague,0,0,0,0,False,False,True
1670,8,buried,298,299,-1,1,True,False,True
1670,8,plague,0,0,0,0,False,False,True
1670,9,buried,298,298,0,0,False,False,True
1670,9,plague,0,0,0,0,False,False,True
1670,10,buried,289,289,0,0,False,False,True
1670,10,plague,0,0,0,0,False,False,True
1670,11,buried,298,297,1,1,True,False,True
1670,11,plague,0,0,0,0,False,False,True
1670,12,buried,293,293,0,0,False,False,True
1670,12,plague,0,0,0,0,False,False,True
1670,13,buried,284,284,0,0,False,False,True
1670,13,plague,0,0,0,0,False,False,True
1670,14,buried,718,794,-76,76,True,False,True
1670,14,plague,0,0,0,0,False,False,True
1670,15,buried,657,735,-78,78,True,False,True
1670,15,plague,0,0,0,0,False,False,True
1670,16,buried,445,445,0,0,False,False,True
1670,16,plague,0,0,0,0,False,False,True
1670,17,buried,374,374,0,0,False,False,True
1670,17,plague,0,0,0,0,False,False,True
1670,18,buried,408,408,0,0,False,False,True
1670,18,plague,0,0,0,0,False,False,True
1670,19,buried,315,315,0,0,False,False,True
1670,19,plague,0,0,0,0,False,False,True
1670,20,buried,394,394,0,0,False,False,True
1670,20,plague,0,0,0,0,False,False,True
1670,21,buried,298,298,0,0,False,False,True
1670,21,plague,0,0,0,0,False,False,True
1670,22,buried,332,332,0,0,False,False,True
1670,22,plague,0,0,0,0,False,False,True
1670,23,buried,337,327,10,10,True,False,True
1670,23,plague,0,0,0,0,False,False,True
1670,24,buried,316,316,0,0,False,False,True
1670,24,plague,0,0,0,0,False,False,True
1670,25,buried,332,332,0,0,False,False,True
1670,25,plague,0,0,0,0,False,False,True
1670,26,buried,315,325,-10,10,True,False,True
1670,26,plague,0,0,0,0,False,False,True
1670,27,buried,298,300,-2,2,True,False,True
1670,27,plague,0,0,0,0,False,False,True
1670,28,buried,318,318,0,0,False,False,False
1670,28,plague,0,0,0,0,False,False,False
1670,29,buried,220,320,-100,100,True,False,False
1670,29,plague,0,0,0,0,False,False,False
1670,30,buried,351,351,0,0,False,False,True
1670,30,plague,0,0,0,0,False,False,True
1670,31,buried,362,362,0,0,False,False,False
1670,31,plague,0,0,0,0,False,False,False
1670,32,buried,507,470,37,37,True,False,True
1670,32,plague,0,0,0,0,False,False,True
1670,33,buried,485,485,0,0,False,False,True
1670,33,plague,0,0,0,0,False,False,True
1670,34,buried,555,515,40,40,True,False,False
1670,34,plague,0,0,0,0,False,False,False
1670,35,buried,609,609,0,0,False,False,True
1670,35,plague,0,0,0,0,False,False,True
1670,36,buried,629,629,0,0,False,False,False
1670,36,plague,0,0,0,0,False,False,False
1670,37,buried,617,617,0,0,False,False,True
1670,37,plague,0,0,0,0,False,False,True
1670,38,buried,586,586,0,0,False,False,True
1670,38,plague,0,0,0,0,False,False,True
1670,39,buried,575,574,1,1,True,False,True
1670,39,plague,0,0,0,0,False,False,True
1670,40,buried,474,474,0,0,False,False,True
1670,40,plague,0,0,0,0,False,False,True
1670,41,buried,401,401,0,0,False,False,True
1670,41,plague,0,0,0,0,False,False,True
1670,42,buried,376,366,10,10,True,False,True
1670,42,plague,0,0,0,0,False,False,True
1670,43,buried,325,325,0,0,False,False,False
1670,43,plague,0,0,0,0,False,False,False
1670,44,buried,336,335,1,1,True,False,True
1670,44,plague,0,0,0,0,False,False,True
1670,45,buried,283,255,28,28,True,False,False
1670,45,plague,0,0,0,0,False,False,False
1670,46,buried,260,260,0,0,False,False,True
1670,46,plague,0,0,0,0,False,False,True
1670,47,buried,260,250,10,10,True,False,True
1670,47,plague,0,0,0,0,False,False,True
1670,48,buried,271,272,-1,1,True,False,True
1670,48,plague,0,0,0,0,False,False,True
1670,49,buried,247,248,-1,1,True,False,True
1670,49,plague,0,0,0,0,False,False,True
1670,50,buried,307,307,0,0,False,False,True
1670,50,plague,0,0,0,0,False,False,True
1670,51,buried,292,291,1,1,True,False,False
1670,51,plague,0,0,0,0,False,False,False
1670,52,buried,284,280,4,4,True,False,True
1670,52,plague,0,0,0,0,False,False,True
1671,1,buried,310,310,0,0,False,False,True
1671,1,plague,0,0,0,0,False,False,True
1671,2,buried,342,342,0,0,False,False,True
1671,2,plague,0,0,0,0,False,False,True
1671,3,buried,283,283,0,0,False,False,True
1671,3,plague,0,0,0,0,False,False,True
1671,4,buried,375,375,0,0,False,False,True
1671,4,plague,0,0,0,0,False,False,True
1671,5,buried,350,350,0,0,False,False,True
1671,5,plague,0,0,0,0,False,False,True
1671,6,buried,312,312,0,0,False,False,True
1671,6,plague,0,0,0,0,False,False,True
1671,7,buried,437,437,0,0,False,False,True
1671,7,plague,0,0,0,0,False,False,True
1671,8,buried,412,412,0,0,False,False,True
1671,8,plague,0,0,0,0,False,False,True
1671,9,buried,419,416,3,3,True,False,True
1671,9,plague,0,0,0,0,False,False,True
1671,10,buried,417,419,-2,2,True,False,True
1671,10,plague,0,0,0,0,False,False,True
1671,11,buried,384,384,0,0,False,False,True
1671,11,plague,0,0,0,0,False,False,True
1671,12,buried,403,403,0,0,False,False,True
1671,12,plague,0,0,0,0,False,False,True
1671,13,buried,408,408,0,0,False,False,True
1671,13,plague,0,0,0,0,False,False,True
1671,15,buried,304,304,0,0,False,False,True
1671,15,plague,0,0,0,0,False,False,True
1671,16,buried,297,297,0,0,False,False,True
1671,16,plague,0,0,0,0,False,False,True
1671,17,buried,242,242,0,0,False,False,True
1671,17,plague,0,0,0,0,False,False,True
1671,18,buried,292,292,0,0,False,False,True
1671,18,plague,0,0,0,0,False,False,True
1671,19,buried,301,301,0,0,False,False,True
1671,19,plague,0,0,0,0,False,False,True
1671,20,buried,266,266,0,0,False,False,True
1671,20,plague,1,1,0,0,False,False,True
1671,21,buried,281,281,0,0,False,False,True
1671,21,plague,0,0,0,0,False,False,True
1671,22,buried,250,250,0,0,False,False,True
1671,22,plague,0,0,0,0,False,False,True
1671,23,buried,229,229,0,0,False,False,True
1671,23,plague,0,0,0,0,False,False,True
1671,24,buried,248,248,0,0,False,False,True
1671,24,plague,0,0,0,0,False,False,True
1671,25,buried,219,219,0,0,False,False,True
1671,25,plague,0,0,0,0,False,False,True
1671,26,buried,256,256,0,0,False,False,True
1671,26,plague,0,0,0,0,False,False,True
1671,27,buried,292,292,0,0,False,False,True
1671,27,plague,0,0,0,0,False,False,True
1671,28,buried,298,298,0,0,False,False,True
1671,28,plague,0,0,0,0,False,False,True
1671,29,buried,282,282,0,0,False,False,True
1671,29,plague,0,0,0,0,False,False,True
1671,30,buried,338,338,0,0,False,False,True
1671,30,plague,0,0,0,0,False,False,True
1671,31,buried,315,315,0,0,False,False,True
1671,31,plague,0,0,0,0,False,False,True
1671,32,buried,333,333,0,0,False,False,True
1671,32,plague,0,0,0,0,False,False,True
1671,33,buried,367,367,0,0,False,False,True
1671,33,plague,0,0,0,0,False,False,True
1671,34,buried,385,385,0,0,False,False,True
1671,34,plague,0,0,0,0,False,False,True
1671,35,buried,358,358,0,0,False,False,True
1671,35,plague,2,2,0,0,False,False,True
1671,36,buried,410,410,0,0,False,False,True
1671,36,plague,0,0,0,0,False,False,True
1671,37,buried,450,450,0,0,False,False,True
1671,37,plague,0,0,0,0,False,False,True
1671,38,buried,418,418,0,0,False,False,True
1671,38,plague,0,0,0,0,False,False,True
1671,39,buried,361,361,0,0,False,False,True
1671,39,plague,0,0,0,0,False,False,True
1671,40,buried,357,357,0,0,False,False,True
1671,40,plague,0,0,0,0,False,False,True
1671,41,buried,347,347,0,0,False,False,True
1671,41,plague,0,0,0,0,False,False,True
1671,42,buried,304,304,0,0,False,False,True
1671,42,plague,0,0,0,0,False,False,True
1671,43,buried,293,293,0,0,False,False,True
1671,43,plague,0,0,0,0,False,False,True
1671,44,buried,295,295,0,0,False,False,True
1671,44,plague,0,0,0,0,False,False,True
1671,45,buried,281,281,0,0,False,False,True
1671,45,plague,0,0,0,0,False,False,True
1671,46,buried,260,260,0,0,False,False,True
1671,46,plague,1,1,0,0,False,False,True
1671,47,buried,272,272,0,0,False,False,True
1671,47,plague,1,1,0,0,False,False,True
1671,48,buried,327,327,0,0,False,False,True
1671,48,plague,0,0,0,0,False,False,True
1671,49,buried,315,315,0,0,False,False,True
1671,49,plague,0,0,0,0,False,False,True
1671,50,buried,249,249,0,0,False,False,True
1671,50,plague,0,0,0,0,False,False,True
1671,51,buried,285,285,0,0,False,False,True
1671,51,plague,0,0,0,0,False,False,True
1671,52,buried,327,327,0,0,False,False,True
1671,52,plague,0,0,0,0,False,False,True
1672,1,buried,374,374,0,0,False,False,True
1672,1,plague,0,0,0,0,False,False,True
1672,2,buried,324,324,0,0,False,False,True
1672,2,plague,1,1,0,0,False,False,True
1672,3,buried,294,295,-1,1,True,False,True
1672,3,plague,0,0,0,0,False,False,True
1672,4,buried,319,319,0,0,False,False,True
1672,4,plague,0,0,0,0,False,False,True
1672,5,buried,344,344,0,0,False,False,True
1672,5,plague,0,0,0,0,False,False,True
1672,6,buried,336,336,0,0,False,False,True
1672,6,plague,0,0,0,0,False,False,True
1672,7,buried,426,426,0,0,False,False,True
1672,7,plague,0,0,0,0,False,False,True
1672,8,buried,732,720,12,12,True,False,True
1672,8,plague,0,0,0,0,False,False,True
1672,9,buried,439,440,-1,1,True,False,True
1672,9,plague,0,0,0,0,False,False,True
1672,10,buried,345,345,0,0,False,False,True
1672,10,plague,0,0,0,0,False,False,True
1672,11,buried,401,401,0,0,False,False,True
1672,11,plague,0,0,0,0,False,False,True
1672,12,buried,373,373,0,0,False,False,True
1672,12,plague,1,1,0,0,False,False,True
1672,13,buried,381,381,0,0,False,False,True
1672,13,plague,0,0,0,0,False,False,True
1672,14,buried,670,669,1,1,True,False,True
1672,14,plague,1,1,0,0,False,False,True
1672,15,buried,367,367,0,0,False,False,True
1672,15,plague,0,0,0,0,False,False,True
1672,16,buried,364,365,-1,1,True,False,True
1672,16,plague,0,0,0,0,False,False,True
1672,17,buried,360,360,0,0,False,False,True
1672,17,plague,0,0,0,0,False,False,True
1672,18,buried,349,349,0,0,False,False,True
1672,18,plague,0,0,0,0,False,False,True
1672,19,buried,350,350,0,0,False,False,True
1672,19,plague,0,0,0,0,False,False,True
1672,20,buried,364,364,0,0,False,False,True
1672,20,plague,1,1,0,0,False,False,True
1672,21,buried,358,358,0,0,False,False,True
1672,21,plague,0,0,0,0,False,False,True
1672,22,buried,363,364,-1,1,True,False,True
1672,22,plague,0,0,0,0,False,False,True
1672,23,buried,344,344,0,0,False,False,True
1672,23,plague,0,0,0,0,False,False,True
1672,24,buried,370,370,0,0,False,False,True
1672,24,plague,0,0,0,0,False,False,True
1672,25,buried,350,350,0,0,False,False,True
1672,25,plague,0,0,0,0,False,False,True
1672,26,buried,341,341,0,0,False,False,True
1672,26,plague,0,0,0,0,False,False,True
1672,27,buried,377,377,0,0,False,False,True
1672,27,plague,0,0,0,0,False,False,True
1672,28,buried,384,384,0,0,False,False,True
1672,28,plague,0,0,0,0,False,False,True
1672,29,buried,322,322,0,0,False,False,True
1672,29,plague,0,0,0,0,False,False,True
1672,30,buried,331,331,0,0,False,False,True
1672,30,plague,1,1,0,0,False,False,True
1672,31,buried,359,359,0,0,False,False,True
1672,31,plague,0,0,0,0,False,False,True
1672,32,buried,357,357,0,0,False,False,True
1672,32,plague,0,0,0,0,False,False,True
1672,33,buried,386,386,0,0,False,False,True
1672,33,plague,0,0,0,0,False,False,True
1672,34,buried,414,414,0,0,False,False,True
1672,34,plague,1,1,0,0,False,False,True
1672,35,buried,420,420,0,0,False,False,True
1672,35,plague,0,0,0,0,False,False,True
1672,36,buried,366,366,0,0,False,False,True
1672,36,plague,0,0,0,0,False,False,True
1672,37,buried,328,328,0,0,False,False,True
1672,37,plague,0,0,0,0,False,False,True
1672,38,buried,365,365,0,0,False,False,True
1672,38,plague,0,0,0,0,False,False,True
1672,39,buried,325,325,0,0,False,False,True
1672,39,plague,0,0,0,0,False,False,True
1672,40,buried,337,337,0,0,False,False,True
1672,40,plague,0,0,0,0,False,False,True
1672,41,buried,313,313,0,0,False,False,True
1672,41,plague,0,0,0,0,False,False,True
1672,42,buried,309,309,0,0,False,False,True
1672,42,plague,0,0,0,0,False,False,True
1672,43,buried,321,321,0,0,False,False,True
1672,43,plague,0,0,0,0,False,False,True
1672,44,buried,275,275,0,0,False,False,True
1672,44,plague,0,0,0,0,False,False,True
1672,45,buried,280,280,0,0,False,False,True
1672,45,plague,0,0,0,0,False,False,True
1672,46,buried,248,248,0,0,False,False,True
1672,46,plague,0,0,0,0,False,False,True
1672,47,buried,288,288,0,0,False,False,True
1672,47,plague,0,0,0,0,False,False,True
1672,48,buried,312,312,0,0,False,False,True
1672,48,plague,0,0,0,0,False,False,True
1672,49,buried,350,350,0,0,False,False,True
1672,49,plague,1,1,0,0,False,False,True
1672,50,buried,297,297,0,0,False,False,True
1672,50,plague,0,0,0,0,False,False,True
1672,51,buried,306,306,0,0,False,False,True
1672,51,plague,0,0,0,0,False,False,True
1672,52,buried,347,347,0,0,False,False,True
1672,52,plague,0,0,0,0,False,False,True
1673,1,buried,322,322,0,0,False,False,True
1673,1,plague,0,0,0,0,False,False,True
1673,2,buried,285,285,0,0,False,False,True
1673,2,plague,0,0,0,0,False,False,True
1673,3,buried,332,332,0,0,False,False,True
1673,3,plague,0,0,0,0,False,False,True
1673,4,buried,369,369,0,0,False,False,True
1673,4,plague,0,0,0,0,False,False,True
1673,5,buried,347,327,20,20,True,False,False
1673,5,plague,0,0,0,0,False,False,False
1673,6,buried,354,354,0,0,False,False,True
1673,6,plague,0,0,0,0,False,False,True
1673,7,buried,418,418,0,0,False,False,False
1673,7,plague,0,0,0,0,False,False,False
1673,8,buried,400,430,-30,30,True,False,True
1673,8,plague,0,0,0,0,False,False,True
1673,9,buried,537,537,0,0,False,False,True
1673,9,plague,0,0,0,0,False,False,True
1673,10,buried,510,508,2,2,True,False,False
1673,10,plague,0,0,0,0,False,False,False
1673,11,buried,547,547,0,0,False,False,True
1673,11,plague,0,0,0,0,False,False,True
1673,12,buried,688,688,0,0,False,False,True
1673,12,plague,0,0,0,0,False,False,True
1673,13,buried,695,685,10,10,True,False,True
1673,13,plague,0,0,0,0,False,False,True
1673,14,buried,568,568,0,0,False,False,True
1673,14,plague,0,0,0,0,False,False,True
1673,15,buried,309,310,-1,1,True,False,True
1673,15,plague,0,0,0,0,False,False,True
1673,16,buried,322,322,0,0,False,False,True
1673,16,plague,0,0,0,0,False,False,True
1673,17,buried,341,342,-1,1,True,False,True
1673,17,plague,0,0,0,0,False,False,True
1673,18,buried,319,319,0,0,False,False,True
1673,18,plague,1,1,0,0,False,False,True
1673,19,buried,339,339,0,0,False,False,True
1673,19,plague,0,0,0,0,False,False,True
1673,20,buried,329,329,0,0,False,False,True
1673,20,plague,0,0,0,0,False,False,True
1673,21,buried,284,284,0,0,False,False,True
1673,21,plague,0,0,0,0,False,False,True
1673,22,buried,299,299,0,0,False,False,True
1673,22,plague,0,0,0,0,False,False,True
1673,23,buried,278,278,0,0,False,False,True
1673,23,plague,0,0,0,0,False,False,True
1673,24,buried,293,293,0,0,False,False,True
1673,24,plague,0,0,0,0,False,False,True
1673,25,buried,263,263,0,0,False,False,True
1673,25,plague,0,0,0,0,False,False,True
1673,26,buried,270,270,0,0,False,False,True
1673,26,plague,0,0,0,0,False,False,True
1673,27,buried,259,259,0,0,False,False,False
1673,27,plague,0,0,0,0,False,False,False
1673,28,buried,269,269,0,0,False,False,True
1673,28,plague,1,1,0,0,False,False,True
1673,29,buried,277,277,0,0,False,False,True
1673,29,plague,0,0,0,0,False,False,True
1673,30,buried,274,274,0,0,False,False,True
1673,30,plague,0,0,0,0,False,False,True
1673,31,buried,344,344,0,0,False,False,False
1673,31,plague,0,0,0,0,False,False,False
1673,33,buried,380,380,0,0,False,False,False
1673,33,plague,0,0,0,0,False,False,False
1673,34,buried,349,350,-1,1,True,False,False
1673,34,plague,0,0,0,0,False,False,False
1673,35,buried,397,397,0,0,False,False,True
1673,35,plague,0,0,0,0,False,False,True
1673,36,buried,419,419,0,0,False,False,True
1673,36,plague,0,0,0,0,False,False,True
1673,37,buried,345,346,-1,1,True,False,False
1673,37,plague,0,0,0,0,False,False,False
1673,38,buried,365,365,0,0,False,False,True
1673,38,plague,0,0,0,0,False,False,True
1673,39,buried,341,341,0,0,False,False,True
1673,39,plague,0,0,0,0,False,False,True
1673,40,buried,346,346,0,0,False,False,True
1673,40,plague,0,0,0,0,False,False,True
1673,41,buried,340,342,-2,2,True,False,True
1673,41,plague,0,0,0,0,False,False,True
1673,42,buried,309,309,0,0,False,False,False
1673,42,plague,0,0,0,0,False,False,False
1673,43,buried,302,302,0,0,False,False,True
1673,43,plague,0,0,0,0,False,False,True
1673,44,buried,340,340,0,0,False,False,True
1673,44,plague,0,0,0,0,False,False,True
1673,45,buried,323,323,0,0,False,False,False
1673,45,plague,0,0,0,0,False,False,False
1673,46,buried,293,293,0,0,False,False,True
1673,46,plague,0,0,0,0,False,False,True
1673,47,buried,297,297,0,0,False,False,False
1673,47,plague,0,0,0,0,False,False,False
1673,48,buried,366,366,0,0,False,False,True
1673,48,plague,0,0,0,0,False,False,True
1673,49,buried,404,404,0,0,False,False,True
1673,49,plague,0,0,0,0,False,False,True
1673,50,buried,394,394,0,0,False,False,True
1673,50,plague,1,1,0,0,False,False,True
1673,51,buried,360,360,0,0,False,False,True
1673,51,plague,0,0,0,0,False,False,True
1673,52,buried,350,350,0,0,False,False,True
1673,52,plague,0,0,0,0,False,False,True
1674,1,buried,670,670,0,0,False,False,True
1674,1,plague,0,0,0,0,False,False,True
1674,2,buried,337,327,10,10,True,False,True
1674,2,plague,0,0,0,0,False,False,True
1674,3,buried,259,249,10,10,True,False,True
1674,3,plague,1,1,0,0,False,False,True
1674,4,buried,291,291,0,0,False,False,True
1674,4,plague,0,0,0,0,False,False,True
1674,5,buried,686,686,0,0,False,False,True
1674,5,plague,0,0,0,0,False,False,True
1674,6,buried,335,335,0,0,False,False,True
1674,6,plague,0,0,0,0,False,False,True
1674,7,buried,308,308,0,0,False,False,False
1674,7,plague,0,0,0,0,False,False,False
1674,8,buried,299,288,11,11,True,False,True
1674,8,plague,0,0,0,0,False,False,True
1674,9,buried,327,327,0,0,False,False,True
1674,9,plague,0,0,0,0,False,False,True
1674,10,buried,350,350,0,0,False,False,True
1674,10,plague,0,0,0,0,False,False,True
1674,11,buried,348,338,10,10,True,False,True
1674,11,plague,0,0,0,0,False,False,True
1674,12,buried,291,292,-1,1,True,False,True
1674,12,plague,0,0,0,0,False,False,True
1674,13,buried,347,339,8,8,True,False,True
1674,13,plague,0,0,0,0,False,False,True
1674,14,buried,332,335,-3,3,True,False,True
1674,14,plague,0,0,0,0,False,False,True
1674,15,buried,622,622,0,0,False,False,False
1674,15,plague,0,0,0,0,False,False,False
1674,16,buried,547,548,-1,1,True,False,True
1674,16,plague,0,0,0,0,False,False,True
1674,17,buried,535,535,0,0,False,False,True
1674,17,plague,0,0,0,0,False,False,True
1674,18,buried,517,516,1,1,True,False,True
1674,18,plague,0,0,0,0,False,False,True
1674,19,buried,520,520,0,0,False,False,True
1674,19,plague,0,0,0,0,False,False,True
1674,20,buried,1154,1152,2,2,True,False,True
1674,20,plague,0,0,0,0,False,False,True
1674,21,buried,479,479,0,0,False,False,True
1674,21,plague,0,0,0,0,False,False,True
1674,22,buried,461,461,0,0,False,False,False
1674,22,plague,0,0,0,0,False,False,False
1674,23,buried,415,415,0,0,False,False,True
1674,23,plague,0,0,0,0,False,False,True
1674,24,buried,365,365,0,0,False,False,False
1674,24,plague,0,0,0,0,False,False,False
1674,26,buried,1075,1056,19,19,True,False,True
1674,26,plague,0,0,0,0,False,False,True
1674,27,buried,782,782,0,0,False,False,True
1674,27,plague,0,0,0,0,False,False,True
1674,28,buried,343,343,0,0,False,False,True
1674,28,plague,0,0,0,0,False,False,True
1674,30,buried,353,343,10,10,True,False,True
1674,30,plague,0,0,0,0,False,False,True
1674,31,buried,395,395,0,0,False,False,True
1674,31,plague,0,0,0,0,False,False,True
1674,32,buried,367,367,0,0,False,False,True
1674,32,plague,0,0,0,0,False,False,True
1674,33,buried,694,684,10,10,True,False,False
1674,33,plague,0,0,0,0,False,False,False
1674,34,buried,648,648,0,0,False,False,True
1674,34,plague,0,0,0,0,False,False,True
1674,35,buried,374,364,10,10,True,False,False
1674,35,plague,0,0,0,0,False,False,False
1674,38,buried,374,374,0,0,False,False,False
1674,38,plague,0,0,0,0,False,False,False
1674,39,buried,362,363,-1,1,True,False,False
1674,39,plague,0,0,0,0,False,False,False
1674,40,buried,327,327,0,0,False,False,True
1674,40,plague,0,0,0,0,False,False,True
1674,41,buried,358,358,0,0,False,False,True
1674,41,plague,0,0,0,0,False,False,True
1674,42,buried,391,396,-5,5,True,False,False
1674,42,plague,0,0,0,0,False,False,False
1674,43,buried,311,311,0,0,False,False,False
1674,43,plague,0,0,0,0,False,False,False
1674,44,buried,402,402,0,0,False,False,False
1674,44,plague,0,0,0,0,False,False,False
1674,45,buried,294,294,0,0,False,False,False
1674,45,plague,2,2,0,0,False,False,False
1674,46,buried,322,312,10,10,True,False,True
1674,46,plague,1,1,0,0,False,False,True
1674,47,buried,321,320,1,1,True,False,True
1674,47,plague,0,0,0,0,False,False,True
1674,48,buried,304,309,-5,5,True,False,False
1674,48,plague,0,0,0,0,False,False,False
1674,49,buried,344,344,0,0,False,False,True
1674,49,plague,0,0,0,0,False,False,True
1674,50,buried,378,378,0,0,False,False,True
1674,50,plague,0,0,0,0,False,False,True
1674,51,buried,327,324,3,3,True,False,True
1674,51,plague,0,0,0,0,False,False,True
1674,52,buried,339,339,0,0,False,False,True
1674,52,plague,0,0,0,0,False,False,True
1675,1,buried,606,605,1,1,True,False,True
1675,1,plague,0,0,0,0,False,False,True
1675,2,buried,510,510,0,0,False,False,True
1675,2,plague,0,0,0,0,False,False,True
1675,3,buried,532,532,0,0,False,False,True
1675,3,plague,0,0,0,0,False,False,True
1675,4,buried,580,548,32,32,True,False,False
1675,4,plague,0,0,0,0,False,False,False
1675,5,buried,548,548,0,0,False,False,True
1675,5,plague,0,0,0,0,False,False,True
1675,6,buried,590,590,0,0,False,False,True
1675,6,plague,0,0,0,0,False,False,True
1675,7,buried,554,554,0,0,False,False,True
1675,7,plague,0,0,0,0,False,False,True
1675,8,buried,548,548,0,0,False,False,True
1675,8,plague,0,0,0,0,False,False,True
1675,9,buried,542,542,0,0,False,False,True
1675,9,plague,0,0,0,0,False,False,True
1675,10,buried,516,516,0,0,False,False,True
1675,10,plague,0,0,0,0,False,False,True
1675,11,buried,632,632,0,0,False,False,False
1675,11,plague,0,0,0,0,False,False,False
1675,12,buried,682,682,0,0,False,False,True
1675,12,plague,0,0,0,0,False,False,True
1675,13,buried,570,570,0,0,False,False,True
1675,13,plague,0,0,0,0,False,False,True
1675,14,buried,283,283,0,0,False,False,True
1675,14,plague,1,1,0,0,False,False,True
1675,15,buried,366,366,0,0,False,False,True
1675,15,plague,0,0,0,0,False,False,True
1675,16,buried,318,319,-1,1,True,False,False
1675,16,plague,0,0,0,0,False,False,False
1675,17,buried,344,344,0,0,False,False,True
1675,17,plague,0,0,0,0,False,False,True
1675,18,buried,283,283,0,0,False,False,True
1675,18,plague,0,0,0,0,False,False,True
1675,19,buried,272,272,0,0,False,False,True
1675,19,plague,0,0,0,0,False,False,True
1675,20,buried,336,336,0,0,False,False,True
1675,20,plague,0,0,0,0,False,False,True
1675,21,buried,311,311,0,0,False,False,True
1675,21,plague,0,0,0,0,False,False,True
1675,22,buried,360,350,10,10,True,False,True
1675,22,plague,0,0,0,0,False,False,True
1675,23,buried,330,330,0,0,False,False,True
1675,23,plague,0,0,0,0,False,False,True
1675,24,buried,335,335,0,0,False,False,True
1675,24,plague,0,0,0,0,False,False,True
1675,25,buried,288,288,0,0,False,False,True
1675,25,plague,0,0,0,0,False,False,True
1675,26,buried,291,291,0,0,False,False,True
1675,26,plague,0,0,0,0,False,False,True
1675,27,buried,291,291,0,0,False,False,True
1675,27,plague,0,0,0,0,False,False,True
1675,28,buried,272,272,0,0,False,False,True
1675,28,plague,0,0,0,0,False,False,True
1675,29,buried,632,631,1,1,True,False,False
1675,29,plague,0,0,0,0,False,False,False
1675,30,buried,283,283,0,0,False,False,True
1675,30,plague,0,0,0,0,False,False,True
1675,31,buried,301,301,0,0,False,False,True
1675,31,plague,0,0,0,0,False,False,True
1675,32,buried,299,299,0,0,False,False,True
1675,32,plague,0,0,0,0,False,False,True
1675,33,buried,314,312,2,2,True,False,True
1675,33,plague,0,0,0,0,False,False,True
1675,34,buried,321,321,0,0,False,False,True
1675,34,plague,0,0,0,0,False,False,True
1675,35,buried,410,410,0,0,False,False,True
1675,35,plague,0,0,0,0,False,False,True
1675,36,buried,460,460,0,0,False,False,True
1675,36,plague,0,0,0,0,False,False,True
1675,37,buried,403,397,6,6,True,False,True
1675,37,plague,0,0,0,0,False,False,True
1675,38,buried,424,414,10,10,True,False,False
1675,38,plague,0,0,0,0,False,False,False
1675,39,buried,342,331,11,11,True,False,True
1675,39,plague,0,0,0,0,False,False,True
1675,40,buried,353,353,0,0,False,False,True
1675,40,plague,0,0,0,0,False,False,True
1675,41,buried,685,685,0,0,False,False,False
1675,41,plague,0,0,0,0,False,False,False
1675,42,buried,310,300,10,10,True,False,False
1675,42,plague,0,0,0,0,False,False,False
1675,43,buried,304,304,0,0,False,False,True
1675,43,plague,0,0,0,0,False,False,True
1675,44,buried,287,286,1,1,True,False,True
1675,44,plague,0,0,0,0,False,False,True
1675,45,buried,259,259,0,0,False,False,True
1675,45,plague,0,0,0,0,False,False,True
1675,46,buried,275,275,0,0,False,False,True
1675,46,plague,0,0,0,0,False,False,True
1675,47,buried,420,394,26,26,True,False,False
1675,47,plague,0,0,0,0,False,False,False
1675,48,buried,625,594,31,31,True,False,True
1675,48,plague,0,0,0,0,False,False,True
1675,49,buried,413,413,0,0,False,False,False
1675,49,plague,0,0,0,0,False,False,False
1675,50,buried,348,329,19,19,True,False,True
1675,50,plague,0,0,0,0,False,False,True
1675,51,buried,308,308,0,0,False,False,True
1675,51,plague,0,0,0,0,False,False,True
1675,52,buried,266,266,0,0,False,False,True
1675,52,plague,0,0,0,0,False,False,True
1676,1,buried,416,416,0,0,False,False,True
1676,1,plague,0,0,0,0,False,False,True
1676,2,buried,808,808,0,0,False,False,True
1676,2,plague,0,0,0,0,False,False,True
1676,3,buried,856,856,0,0,False,False,True
1676,3,plague,0,0,0,0,False,False,True
1676,4,buried,600,600,0,0,False,False,True
1676,4,plague,0,0,0,0,False,False,True
1676,5,buried,660,660,0,0,False,False,True
1676,5,plague,0,0,0,0,False,False,True
1676,6,buried,788,768,20,20,True,False,False
1676,6,plague,0,0,0,0,False,False,False
1676,7,buried,417,417,0,0,False,False,True
1676,7,plague,0,0,0,0,False,False,True
1676,8,buried,882,882,0,0,False,False,True
1676,8,plague,0,0,0,0,False,False,True
1676,9,buried,912,911,1,1,True,False,True
1676,9,plague,0,0,0,0,False,False,True
1676,10,buried,778,768,10,10,True,False,True
1676,10,plague,0,0,0,0,False,False,True
1676,11,buried,778,778,0,0,False,False,True
1676,11,plague,0,0,0,0,False,False,True
1676,12,buried,682,763,-81,81,True,False,True
1676,12,plague,0,0,0,0,False,False,True
1676,13,buried,718,717,1,1,True,False,True
1676,13,plague,0,0,0,0,False,False,True
1676,15,buried,970,970,0,0,False,False,True
1676,15,plague,0,0,0,0,False,False,True
1676,16,buried,580,582,-2,2,True,False,False
1676,16,plague,0,0,0,0,False,False,False
1676,17,buried,652,652,0,0,False,False,True
1676,17,plague,0,0,0,0,False,False,True
1676,18,buried,550,550,0,0,False,False,True
1676,18,plague,0,0,0,0,False,False,True
1676,19,buried,538,538,0,0,False,False,True
1676,19,plague,0,0,0,0,False,False,True
1676,20,buried,638,638,0,0,False,False,True
1676,20,plague,0,0,0,0,False,False,True
1676,21,buried,548,548,0,0,False,False,True
1676,21,plague,0,0,0,0,False,False,True
1676,22,buried,608,608,0,0,False,False,True
1676,22,plague,0,0,0,0,False,False,True
1676,23,buried,642,642,0,0,False,False,True
1676,23,plague,0,0,0,0,False,False,True
1676,24,buried,310,310,0,0,False,False,True
1676,24,plague,0,0,0,0,False,False,True
1676,25,buried,618,618,0,0,False,False,True
1676,25,plague,0,0,0,0,False,False,True
1676,26,buried,538,543,-5,5,True,False,False
1676,26,plague,0,0,0,0,False,False,False
1676,27,buried,496,496,0,0,False,False,True
1676,27,plague,0,0,0,0,False,False,True
1676,28,buried,1236,1258,-22,22,True,False,True
1676,28,plague,0,0,0,0,False,False,True
1676,29,buried,471,471,0,0,False,False,True
1676,29,plague,0,0,0,0,False,False,True
1676,30,buried,393,393,0,0,False,False,True
1676,30,plague,0,0,0,0,False,False,True
1676,31,buried,726,726,0,0,False,False,True
1676,31,plague,0,0,0,0,False,False,True
1676,32,buried,964,960,4,4,True,False,True
1676,32,plague,0,0,0,0,False,False,True
1676,33,buried,1024,1024,0,0,False,False,True
1676,33,plague,0,0,0,0,False,False,True
1676,34,buried,441,441,0,0,False,False,True
1676,34,plague,0,0,0,0,False,False,True
1676,35,buried,1016,1017,-1,1,True,False,True
1676,35,plague,0,0,0,0,False,False,True
1676,36,buried,1214,1214,0,0,False,False,True
1676,36,plague,0,0,0,0,False,False,True
1676,37,buried,559,559,0,0,False,False,True
1676,37,plague,0,0,0,0,False,False,True
1676,38,buried,1038,1038,0,0,False,False,True
1676,38,plague,2,2,0,0,False,False,True
1676,39,buried,472,472,0,0,False,False,True
1676,39,plague,0,0,0,0,False,False,True
1676,40,buried,878,868,10,10,True,False,True
1676,40,plague,0,0,0,0,False,False,True
1676,41,buried,806,805,1,1,True,False,False
1676,41,plague,0,0,0,0,False,False,False
1676,42,buried,728,728,0,0,False,False,True
1676,42,plague,0,0,0,0,False,False,True
1676,43,buried,716,716,0,0,False,False,True
1676,43,plague,0,0,0,0,False,False,True
1676,44,buried,562,562,0,0,False,False,True
1676,44,plague,0,0,0,0,False,False,True
1676,45,buried,676,676,0,0,False,False,True
1676,45,plague,0,4,-4,4,True,False,True
1676,46,buried,516,517,-1,1,True,False,False
1676,46,plague,0,0,0,0,False,False,False
1676,47,buried,312,312,0,0,False,False,True
1676,47,plague,0,0,0,0,False,False,True
1676,48,buried,267,267,0,0,False,False,True
1676,48,plague,0,0,0,0,False,False,True
1676,49,buried,624,624,0,0,False,False,True
1676,49,plague,0,0,0,0,False,False,True
1676,50,buried,334,334,0,0,False,False,True
1676,50,plague,0,0,0,0,False,False,True
1676,51,buried,666,666,0,0,False,False,True
1676,51,plague,0,0,0,0,False,False,True
1676,52,buried,368,368,0,0,False,False,True
1676,52,plague,0,0,0,0,False,False,True
1676,53,buried,376,379,-3,3,True,False,False
1676,53,plague,0,0,0,0,False,False,False
1677,1,buried,325,325,0,0,False,False,True
1677,1,plague,0,0,0,0,False,False,True
1677,2,buried,343,343,0,0,False,False,True
1677,2,plague,0,0,0,0,False,False,True
1677,3,buried,353,344,9,9,True,False,True
1677,3,plague,0,0,0,0,False,False,True
1677,4,buried,328,328,0,0,False,False,True
1677,4,plague,0,0,0,0,False,False,True
1677,5,buried,794,784,10,10,True,False,True
1677,5,plague,0,0,0,0,False,False,True
1677,6,buried,377,377,0,0,False,False,True
1677,6,plague,0,0,0,0,False,False,True
1677,7,buried,367,367,0,0,False,False,True
1677,7,plague,1,1,0,0,False,False,True
1677,8,buried,378,378,0,0,False,False,True
1677,8,plague,0,0,0,0,False,False,True
1677,9,buried,350,350,0,0,False,False,True
1677,9,plague,0,0,0,0,False,False,True
1677,10,buried,338,338,0,0,False,False,True
1677,10,plague,0,0,0,0,False,False,True
1677,11,buried,349,339,10,10,True,False,True
1677,11,plague,0,0,0,0,False,False,True
1677,12,buried,356,356,0,0,False,False,True
1677,12,plague,0,0,0,0,False,False,True
1677,13,buried,382,384,-2,2,True,False,True
1677,13,plague,0,0,0,0,False,False,True
1677,14,buried,377,377,0,0,False,False,True
1677,14,plague,0,0,0,0,False,False,True
1677,15,buried,383,388,-5,5,True,False,True
1677,15,plague,0,0,0,0,False,False,True
1677,16,buried,642,643,-1,1,True,False,True
1677,16,plague,2,2,0,0,False,False,True
1677,17,buried,333,352,-19,19,True,False,True
1677,17,plague,0,0,0,0,False,False,True
1677,18,buried,353,353,0,0,False,False,True
1677,18,plague,0,0,0,0,False,False,True
1677,19,buried,345,336,9,9,True,False,True
1677,19,plague,0,0,0,0,False,False,True
1677,20,buried,288,289,-1,1,True,False,True
1677,20,plague,0,0,0,0,False,False,True
1677,21,buried,363,353,10,10,True,False,True
1677,21,plague,0,0,0,0,False,False,True
1677,22,buried,364,364,0,0,False,False,True
1677,22,plague,0,0,0,0,False,False,True
1677,23,buried,328,328,0,0,False,False,True
1677,23,plague,0,0,0,0,False,False,True
1677,24,buried,260,260,0,0,False,False,True
1677,24,plague,0,0,0,0,False,False,True
1677,25,buried,269,260,9,9,True,False,True
1677,25,plague,0,0,0,0,False,False,True
1677,26,buried,310,301,9,9,True,False,True
1677,26,plague,0,0,0,0,False,False,True
1677,27,buried,326,326,0,0,False,False,True
1677,27,plague,0,0,0,0,False,False,True
1677,28,buried,339,340,-1,1,True,False,True
1677,28,plague,0,0,0,0,False,False,True
1677,29,buried,395,382,13,13,True,False,True
1677,29,plague,0,0,0,0,False,False,True
1677,30,buried,712,712,0,0,False,False,True
1677,30,plague,0,0,0,0,False,False,True
1677,31,buried,365,365,0,0,False,False,True
1677,31,plague,0,0,0,0,False,False,True
1677,32,buried,746,741,5,5,True,False,True
1677,32,plague,0,0,0,0,False,False,True
1677,33,buried,417,417,0,0,False,False,True
1677,33,plague,1,1,0,0,False,False,True
1677,34,buried,886,886,0,0,False,False,True
1677,34,plague,1,0,1,1,True,False,True
1677,35,buried,886,886,0,0,False,False,True
1677,35,plague,0,0,0,0,False,False,True
1677,36,buried,308,308,0,0,False,False,True
1677,36,plague,0,0,0,0,False,False,True
1677,37,buried,382,376,6,6,True,False,False
1677,37,plague,0,0,0,0,False,False,False
1677,38,buried,408,412,-4,4,True,False,True
1677,38,plague,0,0,0,0,False,False,True
1677,39,buried,412,412,0,0,False,False,True
1677,39,plague,0,0,0,0,False,False,True
1677,40,buried,405,403,2,2,True,False,False
1677,40,plague,0,0,0,0,False,False,False
1677,41,buried,858,858,0,0,False,False,True
1677,41,plague,0,0,0,0,False,False,True
1677,42,buried,402,394,8,8,True,False,False
1677,42,plague,0,0,0,0,False,False,False
1677,43,buried,352,353,-1,1,True,False,True
1677,43,plague,0,0,0,0,False,False,True
1677,44,buried,380,370,10,10,True,False,True
1677,44,plague,0,0,0,0,False,False,True
1677,45,buried,341,341,0,0,False,False,True
1677,45,plague,0,0,0,0,False,False,True
1677,46,buried,347,337,10,10,True,False,True
1677,46,plague,0,0,0,0,False,False,True
1677,47,buried,276,376,-100,100,True,False,True
1677,47,plague,0,0,0,0,False,False,True
1677,48,buried,376,333,43,43,True,False,True
1677,48,plague,0,0,0,0,False,False,True
1677,49,buried,338,328,10,10,True,False,True
1677,49,plague,0,0,0,0,False,False,True
1677,50,buried,380,369,11,11,True,False,False
1677,50,plague,0,0,0,0,False,False,False
1677,51,buried,356,350,6,6,True,False,True
1677,51,plague,0,0,0,0,False,False,True
1677,52,buried,313,313,0,0,False,False,True
1677,52,plague,0,0,0,0,False,False,True
1678,1,buried,410,391,19,19,True,False,True
1678,1,plague,0,0,0,0,False,False,True
1678,2,buried,443,445,-2,2,True,False,True
1678,2,plague,0,0,0,0,False,False,True
1678,3,buried,412,414,-2,2,True,False,True
1678,3,plague,0,0,0,0,False,False,True
1678,4,buried,435,435,0,0,False,False,True
1678,4,plague,0,0,0,0,False,False,True
1678,5,buried,494,494,0,0,False,False,False
1678,5,plague,0,0,0,0,False,False,False
1678,6,buried,413,413,0,0,False,False,True
1678,6,plague,0,0,0,0,False,False,True
1678,7,buried,439,439,0,0,False,False,True
1678,7,plague,0,0,0,0,False,False,True
1678,8,buried,465,466,-1,1,True,False,True
1678,8,plague,0,0,0,0,False,False,True
1678,9,buried,372,372,0,0,False,False,True
1678,9,plague,0,0,0,0,False,False,True
1678,10,buried,385,385,0,0,False,False,True
1678,10,plague,0,0,0,0,False,False,True
1678,11,buried,376,386,-10,10,True,False,False
1678,11,plague,0,0,0,0,False,False,False
1678,12,buried,388,388,0,0,False,False,True
1678,12,plague,0,0,0,0,False,False,True
1678,13,buried,393,383,10,10,True,False,True
1678,13,plague,0,0,0,0,False,False,True
1678,14,buried,697,697,0,0,False,False,True
1678,14,plague,0,0,0,0,False,False,True
1678,15,buried,377,377,0,0,False,False,True
1678,15,plague,0,0,0,0,False,False,True
1678,16,buried,388,388,0,0,False,False,True
1678,16,plague,0,0,0,0,False,False,True
1678,17,buried,374,374,0,0,False,False,True
1678,17,plague,0,0,0,0,False,False,True
1678,18,buried,360,360,0,0,False,False,True
1678,18,plague,0,0,0,0,False,False,True
1678,19,buried,370,370,0,0,False,False,True
1678,19,plague,0,0,0,0,False,False,True
1678,20,buried,368,368,0,0,False,False,True
1678,20,plague,1,1,0,0,False,False,True
1678,21,buried,396,396,0,0,False,False,True
1678,21,plague,0,0,0,0,False,False,True
1678,22,buried,337,337,0,0,False,False,True
1678,22,plague,0,0,0,0,False,False,True
1678,23,buried,328,328,0,0,False,False,True
1678,23,plague,0,0,0,0,False,False,True
1678,24,buried,342,342,0,0,False,False,True
1678,24,plague,0,0,0,0,False,False,True
1678,25,buried,335,335,0,0,False,False,True
1678,25,plague,0,0,0,0,False,False,True
1678,26,buried,356,356,0,0,False,False,True
1678,26,plague,0,0,0,0,False,False,True
1678,27,buried,370,370,0,0,False,False,True
1678,27,plague,1,1,0,0,False,False,True
1678,28,buried,387,387,0,0,False,False,True
1678,28,plague,0,0,0,0,False,False,True
1678,29,buried,419,419,0,0,False,False,False
1678,29,plague,0,0,0,0,False,False,False
1678,30,buried,411,411,0,0,False,False,True
1678,30,plague,0,0,0,0,False,False,True
1678,31,buried,417,416,1,1,True,False,False
1678,31,plague,0,0,0,0,False,False,False
1678,32,buried,398,398,0,0,False,False,True
1678,32,plague,0,0,0,0,False,False,True
1678,33,buried,410,412,-2,2,True,False,True
1678,33,plague,0,0,0,0,False,False,True
1678,34,buried,416,416,0,0,False,False,True
1678,34,plague,1,1,0,0,False,False,True
1678,35,buried,459,459,0,0,False,False,True
1678,35,plague,0,0,0,0,False,False,True
1678,36,buried,510,510,0,0,False,False,True
1678,36,plague,1,1,0,0,False,False,True
1678,37,buried,530,529,1,1,True,False,True
1678,37,plague,0,0,0,0,False,False,True
1678,38,buried,621,621,0,0,False,False,True
1678,38,plague,0,0,0,0,False,False,True
1678,39,buried,580,580,0,0,False,False,True
1678,39,plague,0,0,0,0,False,False,True
1678,40,buried,528,528,0,0,False,False,True
1678,40,plague,0,0,0,0,False,False,True
1678,41,buried,485,485,0,0,False,False,True
1678,41,plague,0,0,0,0,False,False,True
1678,42,buried,456,456,0,0,False,False,True
1678,42,plague,0,0,0,0,False,False,True
1678,43,buried,444,444,0,0,False,False,True
1678,43,plague,0,0,0,0,False,False,True
1678,44,buried,420,456,-36,36,True,False,True
1678,44,plague,0,0,0,0,False,False,True
1678,45,buried,437,437,0,0,False,False,True
1678,45,plague,0,0,0,0,False,False,True
1678,46,buried,368,349,19,19,True,False,False
1678,46,plague,0,0,0,0,False,False,False
1678,47,buried,365,365,0,0,False,False,True
1678,47,plague,0,0,0,0,False,False,True
1678,48,buried,402,402,0,0,False,False,True
1678,48,plague,0,0,0,0,False,False,True
1678,49,buried,369,357,12,12,True,False,True
1678,49,plague,0,0,0,0,False,False,True
1678,50,buried,355,355,0,0,False,False,True
1678,50,plague,0,0,0,0,False,False,True
1678,51,buried,401,401,0,0,False,False,True
1678,51,plague,0,0,0,0,False,False,True
1678,52,buried,348,348,0,0,False,False,True
1678,52,plague,0,0,0,0,False,False,True
1679,1,buried,383,383,0,0,False,False,True
1679,1,plague,0,0,0,0,False,False,True
1679,2,buried,424,424,0,0,False,False,True
1679,2,plague,0,0,0,0,False,False,True
1679,3,buried,365,364,1,1,True,False,True
1679,3,plague,0,0,0,0,False,False,True
1679,4,buried,346,346,0,0,False,False,True
1679,4,plague,0,0,0,0,False,False,True
1679,5,buried,350,350,0,0,False,False,True
1679,5,plague,0,0,0,0,False,False,True
1679,7,buried,329,331,-2,2,True,False,True
1679,7,plague,0,0,0,0,False,False,True
1679,9,buried,307,307,0,0,False,False,False
1679,9,plague,0,0,0,0,False,False,False
1679,10,buried,353,353,0,0,False,False,False
1679,10,plague,0,0,0,0,False,False,False
1679,11,buried,345,345,0,0,False,False,True
1679,11,plague,0,0,0,0,False,False,True
1679,12,buried,366,356,10,10,True,False,True
1679,12,plague,0,0,0,0,False,False,True
1679,13,buried,327,327,0,0,False,False,True
1679,13,plague,0,0,0,0,False,False,True
1679,14,buried,712,712,0,0,False,False,True
1679,14,plague,0,0,0,0,False,False,True
1679,15,buried,351,351,0,0,False,False,True
1679,15,plague,0,0,0,0,False,False,True
1679,16,buried,369,369,0,0,False,False,True
1679,16,plague,0,0,0,0,False,False,True
1679,17,buried,365,361,4,4,True,False,True
1679,17,plague,0,0,0,0,False,False,True
1679,18,buried,392,392,0,0,False,False,True
1679,18,plague,0,0,0,0,False,False,True
1679,19,buried,377,377,0,0,False,False,True
1679,19,plague,0,0,0,0,False,False,True
1679,20,buried,417,413,4,4,True,False,True
1679,20,plague,1,1,0,0,False,False,True
1679,21,buried,393,393,0,0,False,False,True
1679,21,plague,1,1,0,0,False,False,True
1679,22,buried,367,367,0,0,False,False,True
1679,22,plague,0,0,0,0,False,False,True
1679,23,buried,409,457,-48,48,True,False,True
1679,23,plague,0,0,0,0,False,False,True
1679,24,buried,342,342,0,0,False,False,True
1679,24,plague,0,0,0,0,False,False,True
1679,25,buried,334,335,-1,1,True,False,True
1679,25,plague,0,0,0,0,False,False,True
1679,26,buried,361,360,1,1,True,False,True
1679,26,plague,0,0,0,0,False,False,True
1679,27,buried,311,311,0,0,False,False,True
1679,27,plague,0,0,0,0,False,False,True
1679,28,buried,360,360,0,0,False,False,True
1679,28,plague,0,0,0,0,False,False,True
1679,29,buried,387,377,10,10,True,False,True
1679,29,plague,0,0,0,0,False,False,True
1679,30,buried,429,414,15,15,True,False,True
1679,30,plague,0,0,0,0,False,False,True
1679,31,buried,442,442,0,0,False,False,True
1679,31,plague,0,0,0,0,False,False,True
1679,32,buried,565,555,10,10,True,False,True
1679,32,plague,0,0,0,0,False,False,True
1679,33,buried,531,530,1,1,True,False,True
1679,33,plague,0,0,0,0,False,False,True
1679,34,buried,579,569,10,10,True,False,True
1679,34,plague,0,0,0,0,False,False,True
1679,35,buried,545,545,0,0,False,False,True
1679,35,plague,0,0,0,0,False,False,True
1679,36,buried,514,515,-1,1,True,False,True
1679,36,plague,0,0,0,0,False,False,True
1679,37,buried,466,466,0,0,False,False,True
1679,37,plague,0,0,0,0,False,False,True
1679,38,buried,471,458,13,13,True,False,True
1679,38,plague,0,0,0,0,False,False,True
1679,39,buried,461,461,0,0,False,False,True
1679,39,plague,0,0,0,0,False,False,True
1679,40,buried,407,396,11,11,True,False,True
1679,40,plague,0,0,0,0,False,False,True
1679,41,buried,360,360,0,0,False,False,True
1679,41,plague,0,0,0,0,False,False,True
1679,42,buried,333,333,0,0,False,False,True
1679,42,plague,0,0,0,0,False,False,True
1679,43,buried,356,356,0,0,False,False,True
1679,43,plague,0,0,0,0,False,False,True
1679,44,buried,340,335,5,5,True,False,True
1679,44,plague,0,0,0,0,False,False,True
1679,45,buried,334,338,-4,4,True,False,False
1679,45,plague,0,0,0,0,False,False,False
1679,46,buried,360,360,0,0,False,False,True
1679,46,plague,0,0,0,0,False,False,True
1679,47,buried,328,328,0,0,False,False,True
1679,47,plague,0,0,0,0,False,False,True
1679,48,buried,541,540,1,1,True,False,True
1679,48,plague,0,0,0,0,False,False,True
1679,49,buried,764,764,0,0,False,False,True
1679,49,plague,0,0,0,0,False,False,True
1679,50,buried,457,457,0,0,False,False,True
1679,50,plague,0,0,0,0,False,False,True
1679,51,buried,388,387,1,1,True,False,True
1679,51,plague,0,0,0,0,False,False,True
1679,52,buried,410,410,0,0,False,False,True
1679,52,plague,0,0,0,0,False,False,True
1680,1,buried,501,501,0,0,False,False,True
1680,1,plague,0,0,0,0,False,False,True
1680,2,buried,503,502,1,1,True,False,False
1680,2,plague,0,0,0,0,False,False,False
1680,3,buried,486,485,1,1,True,False,True
1680,3,plague,0,0,0,0,False,False,True
1680,4,buried,516,515,1,1,True,False,True
1680,4,plague,0,0,0,0,False,False,True
1680,5,buried,506,504,2,2,True,False,True
1680,5,plague,0,0,0,0,False,False,True
1680,6,buried,472,472,0,0,False,False,True
1680,6,plague,0,0,0,0,False,False,True
1680,7,buried,523,523,0,0,False,False,True
1680,7,plague,0,0,0,0,False,False,True
1680,8,buried,525,526,-1,1,True,False,True
1680,8,plague,0,0,0,0,False,False,True
1680,9,buried,518,518,0,0,False,False,True
1680,9,plague,0,0,0,0,False,False,True
1680,10,buried,461,461,0,0,False,False,True
1680,10,plague,0,0,0,0,False,False,True
1680,11,buried,454,460,-6,6,True,False,True
1680,11,plague,0,0,0,0,False,False,True
1680,12,buried,440,439,1,1,True,False,True
1680,12,plague,0,0,0,0,False,False,True
1680,13,buried,474,474,0,0,False,False,False
1680,13,plague,0,0,0,0,False,False,False
1680,14,buried,362,362,0,0,False,False,True
1680,14,plague,0,0,0,0,False,False,True
1680,15,buried,299,299,0,0,False,False,True
1680,15,plague,0,0,0,0,False,False,True
1680,16,buried,329,329,0,0,False,False,True
1680,16,plague,0,0,0,0,False,False,True
1680,17,buried,270,310,-40,40,True,False,False
1680,17,plague,0,0,0,0,False,False,False
1680,18,buried,355,355,0,0,False,False,False
1680,18,plague,0,0,0,0,False,False,False
1680,19,buried,324,324,0,0,False,False,False
1680,19,plague,0,0,0,0,False,False,False
1680,20,buried,276,337,-61,61,True,False,False
1680,20,plague,0,0,0,0,False,False,False
1680,21,buried,287,314,-27,27,True,False,False
1680,21,plague,0,0,0,0,False,False,False
1680,23,buried,318,326,-8,8,True,False,True
1680,23,plague,0,0,0,0,False,False,True
1680,24,buried,337,337,0,0,False,False,True
1680,24,plague,0,0,0,0,False,False,True
1680,25,buried,313,295,18,18,True,False,False
1680,25,plague,0,0,0,0,False,False,False
1680,26,buried,283,283,0,0,False,False,True
1680,26,plague,0,0,0,0,False,False,True
1680,27,buried,258,252,6,6,True,False,True
1680,27,plague,0,0,0,0,False,False,True
1680,28,buried,388,390,-2,2,True,False,False
1680,28,plague,0,0,0,0,False,False,False
1680,29,buried,336,325,11,11,True,False,False
1680,29,plague,0,0,0,0,False,False,False
1680,30,buried,365,355,10,10,True,False,False
1680,30,plague,0,0,0,0,False,False,False
1680,31,buried,363,363,0,0,False,False,True
1680,31,plague,0,0,0,0,False,False,True
1680,32,buried,370,371,-1,1,True,False,True
1680,32,plague,0,0,0,0,False,False,True
1680,33,buried,377,377,0,0,False,False,True
1680,33,plague,0,0,0,0,False,False,True
1680,34,buried,427,427,0,0,False,False,True
1680,34,plague,0,0,0,0,False,False,True
1680,35,buried,494,494,0,0,False,False,True
1680,35,plague,0,0,0,0,False,False,True
1680,36,buried,552,552,0,0,False,False,True
1680,36,plague,0,0,0,0,False,False,True
1680,37,buried,816,815,1,1,True,False,True
1680,37,plague,0,0,0,0,False,False,True
1680,38,buried,671,671,0,0,False,False,True
1680,38,plague,0,0,0,0,False,False,True
1680,39,buried,635,635,0,0,False,False,True
1680,39,plague,0,0,0,0,False,False,True
1680,40,buried,628,629,-1,1,True,False,True
1680,40,plague,0,0,0,0,False,False,True
1680,41,buried,615,615,0,0,False,False,True
1680,41,plague,0,0,0,0,False,False,True
1680,42,buried,597,597,0,0,False,False,True
1680,42,plague,0,0,0,0,False,False,True
1680,43,buried,530,525,5,5,True,False,False
1680,43,plague,0,0,0,0,False,False,False
1680,44,buried,488,488,0,0,False,False,True
1680,44,plague,0,0,0,0,False,False,True
1680,45,buried,407,407,0,0,False,False,True
1680,45,plague,0,0,0,0,False,False,True
1680,46,buried,396,396,0,0,False,False,True
1680,46,plague,0,0,0,0,False,False,True
1680,47,buried,406,406,0,0,False,False,True
1680,47,plague,0,0,0,0,False,False,True
1680,48,buried,412,421,-9,9,True,False,True
1680,48,plague,0,0,0,0,False,False,True
1680,49,buried,433,433,0,0,False,False,True
1680,49,plague,0,0,0,0,False,False,True
1680,50,buried,415,415,0,0,False,False,True
1680,50,plague,0,0,0,0,False,False,True
1680,51,buried,458,458,0,0,False,False,True
1680,51,plague,0,0,0,0,False,False,True
1680,52,buried,504,505,-1,1,True,False,True
1680,52,plague,0,0,0,0,False,False,True
1681,1,buried,339,341,-2,2,True,False,True
1681,1,plague,0,0,0,0,False,False,True
1681,2,buried,387,413,-26,26,True,False,True
1681,2,plague,0,0,0,0,False,False,True
1681,3,buried,353,353,0,0,False,False,True
1681,3,plague,0,0,0,0,False,False,True
1681,4,buried,347,347,0,0,False,False,True
1681,4,plague,0,0,0,0,False,False,True
1681,5,buried,380,373,7,7,True,False,False
1681,5,plague,0,0,0,0,False,False,False
1681,6,buried,370,370,0,0,False,False,True
1681,6,plague,0,0,0,0,False,False,True
1681,7,buried,373,373,0,0,False,False,True
1681,7,plague,0,0,0,0,False,False,True
1681,8,buried,400,400,0,0,False,False,True
1681,8,plague,0,0,0,0,False,False,True
1681,9,buried,419,419,0,0,False,False,True
1681,9,plague,0,0,0,0,False,False,True
1681,10,buried,378,360,18,18,True,False,False
1681,10,plague,0,0,0,0,False,False,False
1681,11,buried,368,368,0,0,False,False,True
1681,11,plague,0,0,0,0,False,False,True
1681,12,buried,418,424,-6,6,True,False,False
1681,12,plague,0,0,0,0,False,False,False
1681,13,buried,436,436,0,0,False,False,True
1681,13,plague,0,0,0,0,False,False,True
1681,15,buried,421,412,9,9,True,False,True
1681,15,plague,0,0,0,0,False,False,True
1681,16,buried,436,436,0,0,False,False,True
1681,16,plague,0,0,0,0,False,False,True
1681,17,buried,405,405,0,0,False,False,True
1681,17,plague,0,0,0,0,False,False,True
1681,18,buried,391,391,0,0,False,False,True
1681,18,plague,0,0,0,0,False,False,True
1681,19,buried,361,361,0,0,False,False,True
1681,19,plague,0,0,0,0,False,False,True
1681,20,buried,424,423,1,1,True,False,True
1681,20,plague,0,0,0,0,False,False,True
1681,21,buried,380,380,0,0,False,False,True
1681,21,plague,0,0,0,0,False,False,True
1681,22,buried,446,446,0,0,False,False,True
1681,22,plague,0,0,0,0,False,False,True
1681,23,buried,402,402,0,0,False,False,True
1681,23,plague,0,0,0,0,False,False,True
1681,24,buried,490,490,0,0,False,False,True
1681,24,plague,0,0,0,0,False,False,True
1681,25,buried,445,442,3,3,True,False,True
1681,25,plague,0,0,0,0,False,False,True
1681,26,buried,432,432,0,0,False,False,True
1681,26,plague,0,0,0,0,False,False,True
1681,27,buried,416,419,-3,3,True,False,True
1681,27,plague,0,0,0,0,False,False,True
1681,28,buried,442,442,0,0,False,False,True
1681,28,plague,0,0,0,0,False,False,True
1681,29,buried,444,444,0,0,False,False,True
1681,29,plague,0,0,0,0,False,False,True
1681,30,buried,469,476,-7,7,True,False,True
1681,30,plague,0,0,0,0,False,False,True
1681,31,buried,427,422,5,5,True,False,True
1681,31,plague,0,0,0,0,False,False,True
1681,32,buried,407,407,0,0,False,False,True
1681,32,plague,0,0,0,0,False,False,True
1681,33,buried,441,441,0,0,False,False,True
1681,33,plague,0,0,0,0,False,False,True
1681,34,buried,502,522,-20,20,True,False,True
1681,34,plague,0,0,0,0,False,False,True
1681,35,buried,517,517,0,0,False,False,True
1681,35,plague,0,0,0,0,False,False,True
1681,36,buried,584,584,0,0,False,False,True
1681,36,plague,0,0,0,0,False,False,True
1681,37,buried,631,639,-8,8,True,False,True
1681,37,plague,0,0,0,0,False,False,True
1681,38,buried,560,561,-1,1,True,False,True
1681,38,plague,0,0,0,0,False,False,True
1681,39,buried,593,573,20,20,True,False,False
1681,39,plague,0,0,0,0,False,False,False
1681,40,buried,555,500,55,55,True,False,False
1681,40,plague,0,0,0,0,False,False,False
1681,41,buried,482,482,0,0,False,False,True
1681,41,plague,0,0,0,0,False,False,True
1681,42,buried,495,500,-5,5,True,False,True
1681,42,plague,0,0,0,0,False,False,True
1681,43,buried,389,447,-58,58,True,False,False
1681,43,plague,0,0,0,0,False,False,False
1681,44,buried,461,461,0,0,False,False,True
1681,44,plague,0,0,0,0,False,False,True
1681,45,buried,449,436,13,13,True,False,False
1681,45,plague,0,0,0,0,False,False,False
1681,46,buried,380,380,0,0,False,False,True
1681,46,plague,0,0,0,0,False,False,True
1681,47,buried,357,318,39,39,True,False,False
1681,47,plague,0,0,0,0,False,False,False
1681,48,buried,388,378,10,10,True,False,True
1681,48,plague,0,0,0,0,False,False,True
1681,49,buried,389,390,-1,1,True,False,True
1681,49,plague,0,0,0,0,False,False,True
1681,50,buried,331,331,0,0,False,False,True
1681,50,plague,0,0,0,0,False,False,True
1681,51,buried,302,302,0,0,False,False,False
1681,51,plague,0,0,0,0,False,False,False
1681,52,buried,361,352,9,9,True,False,True
1681,52,plague,0,0,0,0,False,False,True
1681,53,buried,361,361,0,0,False,False,True
1681,53,plague,0,0,0,0,False,False,True
1682,1,buried,350,350,0,0,False,False,True
1682,1,plague,0,0,0,0,False,False,True
1682,2,buried,360,360,0,0,False,False,True
1682,2,plague,0,0,0,0,False,False,True
1682,3,buried,371,371,0,0,False,False,True
1682,3,plague,0,0,0,0,False,False,True
1682,4,buried,395,394,1,1,True,False,True
1682,4,plague,0,0,0,0,False,False,True
1682,5,buried,379,379,0,0,False,False,True
1682,5,plague,0,0,0,0,False,False,True
1682,6,buried,382,351,31,31,True,False,False
1682,6,plague,0,0,0,0,False,False,False
1682,7,buried,428,428,0,0,False,False,True
1682,7,plague,0,0,0,0,False,False,True
1682,8,buried,406,409,-3,3,True,False,True
1682,8,plague,0,0,0,0,False,False,True
1682,9,buried,408,388,20,20,True,False,True
1682,9,plague,0,0,0,0,False,False,True
1682,10,buried,381,381,0,0,False,False,True
1682,10,plague,0,0,0,0,False,False,True
1682,11,buried,438,438,0,0,False,False,True
1682,11,plague,0,0,0,0,False,False,True
1682,12,buried,384,383,1,1,True,False,True
1682,12,plague,0,0,0,0,False,False,True
1682,13,buried,364,364,0,0,False,False,True
1682,13,plague,0,0,0,0,False,False,True
1682,14,buried,401,401,0,0,False,False,True
1682,14,plague,0,0,0,0,False,False,True
1682,15,buried,412,412,0,0,False,False,True
1682,15,plague,0,0,0,0,False,False,True
1682,16,buried,391,391,0,0,False,False,True
1682,16,plague,0,0,0,0,False,False,True
1682,17,buried,388,388,0,0,False,False,True
1682,17,plague,0,0,0,0,False,False,True
1682,18,buried,417,395,22,22,True,False,True
1682,18,plague,0,0,0,0,False,False,True
1682,19,buried,378,378,0,0,False,False,True
1682,19,plague,0,0,0,0,False,False,True
1682,20,buried,357,357,0,0,False,False,True
1682,20,plague,0,0,0,0,False,False,True
1682,21,buried,339,339,0,0,False,False,True
1682,21,plague,0,0,0,0,False,False,True
1682,22,buried,404,404,0,0,False,False,True
1682,22,plague,0,0,0,0,False,False,True
1682,23,buried,423,423,0,0,False,False,True
1682,23,plague,0,0,0,0,False,False,True
1682,24,buried,414,414,0,0,False,False,True
1682,24,plague,0,0,0,0,False,False,True
1682,25,buried,333,333,0,0,False,False,True
1682,25,plague,0,0,0,0,False,False,True
1682,26,buried,340,340,0,0,False,False,True
1682,26,plague,0,0,0,0,False,False,True
1682,27,buried,323,323,0,0,False,False,True
1682,27,plague,0,0,0,0,False,False,True
1682,28,buried,346,346,0,0,False,False,False
1682,28,plague,0,0,0,0,False,False,False
1682,29,buried,350,350,0,0,False,False,True
1682,29,plague,0,0,0,0,False,False,True
1682,30,buried,440,440,0,0,False,False,True
1682,30,plague,0,0,0,0,False,False,True
1682,31,buried,364,364,0,0,False,False,True
1682,31,plague,0,0,0,0,False,False,True
1682,32,buried,396,396,0,0,False,False,True
1682,32,plague,0,0,0,0,False,False,True
1682,33,buried,388,368,20,20,True,False,True
1682,33,plague,0,0,0,0,False,False,True
1682,34,buried,404,404,0,0,False,False,True
1682,34,plague,0,0,0,0,False,False,True
1682,35,buried,440,467,-27,27,True,False,True
1682,35,plague,0,0,0,0,False,False,True
1682,36,buried,439,439,0,0,False,False,True
1682,36,plague,0,0,0,0,False,False,True
1682,37,buried,419,418,1,1,True,False,True
1682,37,plague,0,0,0,0,False,False,True
1682,38,buried,391,390,1,1,True,False,True
1682,38,plague,0,0,0,0,False,False,True
1682,39,buried,436,439,-3,3,True,False,True
1682,39,plague,0,0,0,0,False,False,True
1682,40,buried,461,461,0,0,False,False,True
1682,40,plague,0,0,0,0,False,False,True
1682,41,buried,464,464,0,0,False,False,True
1682,41,plague,0,0,0,0,False,False,True
1682,42,buried,454,447,7,7,True,False,True
1682,42,plague,0,0,0,0,False,False,True
1682,43,buried,443,442,1,1,True,False,True
1682,43,plague,0,0,0,0,False,False,True
1682,44,buried,412,412,0,0,False,False,True
1682,44,plague,0,0,0,0,False,False,True
1682,45,buried,419,417,2,2,True,False,True
1682,45,plague,0,0,0,0,False,False,True
1682,46,buried,376,376,0,0,False,False,True
1682,46,plague,0,0,0,0,False,False,True
1682,47,buried,414,414,0,0,False,False,True
1682,47,plague,0,0,0,0,False,False,True
1682,48,buried,497,475,22,22,True,False,False
1682,48,plague,0,0,0,0,False,False,False
1682,49,buried,409,409,0,0,False,False,True
1682,49,plague,0,0,0,0,False,False,True
1682,50,buried,429,429,0,0,False,False,True
1682,50,plague,0,0,0,0,False,False,True
1682,51,buried,403,403,0,0,False,False,True
1682,51,plague,0,0,0,0,False,False,True
1682,52,buried,398,401,-3,3,True,False,True
1682,52,plague,0,0,0,0,False,False,True
1683,1,buried,371,367,4,4,True,False,True
1683,1,plague,0,0,0,0,False,False,True
1683,2,buried,470,520,-50,50,True,False,True
1683,2,plague,0,0,0,0,False,False,True
1683,3,buried,462,467,-5,5,True,False,True
1683,3,plague,0,0,0,0,False,False,True
1683,4,buried,614,614,0,0,False,False,True
1683,4,plague,0,0,0,0,False,False,True
1683,5,buried,446,446,0,0,False,False,True
1683,5,plague,0,0,0,0,False,False,True
1683,6,buried,505,502,3,3,True,False,True
1683,6,plague,0,0,0,0,False,False,True
1683,7,buried,529,530,-1,1,True,False,True
1683,7,plague,0,0,0,0,False,False,True
1683,8,buried,425,529,-104,104,True,False,True
1683,8,plague,0,0,0,0,False,False,True
1683,9,buried,435,425,10,10,True,False,True
1683,9,plague,0,0,0,0,False,False,True
1683,10,buried,407,406,1,1,True,False,True
1683,10,plague,0,0,0,0,False,False,True
1683,11,buried,396,396,0,0,False,False,True
1683,11,plague,0,0,0,0,False,False,True
1683,12,buried,469,469,0,0,False,False,True
1683,12,plague,0,0,0,0,False,False,True
1683,13,buried,435,435,0,0,False,False,True
1683,13,plague,0,0,0,0,False,False,True
1683,14,buried,428,429,-1,1,True,False,True
1683,14,plague,0,0,0,0,False,False,True
1683,15,buried,375,475,-100,100,True,False,True
1683,15,plague,0,0,0,0,False,False,True
1683,16,buried,403,393,10,10,True,False,True
1683,16,plague,0,0,0,0,False,False,True
1683,17,buried,417,413,4,4,True,False,True
1683,17,plague,0,0,0,0,False,False,True
1683,18,buried,389,389,0,0,False,False,True
1683,18,plague,0,0,0,0,False,False,True
1683,19,buried,390,389,1,1,True,False,True
1683,19,plague,0,0,0,0,False,False,True
1683,20,buried,374,374,0,0,False,False,True
1683,20,plague,0,0,0,0,False,False,True
1683,21,buried,397,397,0,0,False,False,True
1683,21,plague,0,0,0,0,False,False,True
1683,22,buried,408,408,0,0,False,False,True
1683,22,plague,0,0,0,0,False,False,True
1683,23,buried,413,413,0,0,False,False,True
1683,23,plague,0,0,0,0,False,False,True
1683,24,buried,372,381,-9,9,True,False,True
1683,24,plague,0,0,0,0,False,False,True
1683,25,buried,343,343,0,0,False,False,True
1683,25,plague,0,0,0,0,False,False,True
1683,26,buried,381,381,0,0,False,False,True
1683,26,plague,0,0,0,0,False,False,True
1683,27,buried,372,370,2,2,True,False,True
1683,27,plague,0,0,0,0,False,False,True
1683,28,buried,404,404,0,0,False,False,True
1683,28,plague,0,0,0,0,False,False,True
1683,29,buried,408,408,0,0,False,False,True
1683,29,plague,0,0,0,0,False,False,True
1683,31,buried,416,416,0,0,False,False,True
1683,31,plague,0,0,0,0,False,False,True
1683,32,buried,458,458,0,0,False,False,True
1683,32,plague,0,0,0,0,False,False,True
1683,33,buried,448,448,0,0,False,False,True
1683,33,plague,0,0,0,0,False,False,True
1683,34,buried,451,447,4,4,True,False,True
1683,34,plague,0,0,0,0,False,False,True
1683,35,buried,439,439,0,0,False,False,True
1683,35,plague,0,0,0,0,False,False,True
1683,36,buried,419,419,0,0,False,False,True
1683,36,plague,0,0,0,0,False,False,True
1683,37,buried,430,430,0,0,False,False,True
1683,37,plague,0,0,0,0,False,False,True
1683,38,buried,401,401,0,0,False,False,True
1683,38,plague,0,0,0,0,False,False,True
1683,39,buried,442,442,0,0,False,False,True
1683,39,plague,0,0,0,0,False,False,True
1683,40,buried,376,375,1,1,True,False,True
1683,40,plague,0,0,0,0,False,False,True
1683,41,buried,359,359,0,0,False,False,True
1683,41,plague,0,0,0,0,False,False,True
1683,42,buried,402,402,0,0,False,False,True
1683,42,plague,0,0,0,0,False,False,True
1683,43,buried,350,350,0,0,False,False,True
1683,43,plague,0,0,0,0,False,False,True
1683,44,buried,368,388,-20,20,True,False,True
1683,44,plague,0,0,0,0,False,False,True
1683,45,buried,353,353,0,0,False,False,True
1683,45,plague,0,0,0,0,False,False,True
1683,46,buried,360,360,0,0,False,False,True
1683,46,plague,0,0,0,0,False,False,True
1683,47,buried,382,381,1,1,True,False,True
1683,47,plague,0,0,0,0,False,False,True
1683,48,buried,334,334,0,0,False,False,True
1683,48,plague,0,0,0,0,False,False,True
1683,49,buried,367,368,-1,1,True,False,True
1683,49,plague,0,0,0,0,False,False,True
1683,50,buried,431,428,3,3,True,False,True
1683,50,plague,0,0,0,0,False,False,True
1683,51,buried,440,461,-21,21,True,False,True
1683,51,plague,0,0,0,0,False,False,True
1683,52,buried,427,427,0,0,False,False,True
1683,52,plague,0,0,0,0,False,False,True
1684,1,buried,379,390,-11,11,True,False,True
1684,1,plague,0,0,0,0,False,False,True
1684,2,buried,407,407,0,0,False,False,True
1684,2,plague,0,0,0,0,False,False,True
1684,3,buried,344,344,0,0,False,False,True
1684,3,plague,0,0,0,0,False,False,True
1684,4,buried,631,505,126,126,True,False,True
1684,4,plague,0,0,0,0,False,False,True
1684,5,buried,415,412,3,3,True,False,True
1684,5,plague,0,0,0,0,False,False,True
1684,6,buried,411,411,0,0,False,False,True
1684,6,plague,0,0,0,0,False,False,True
1684,7,buried,377,379,-2,2,True,False,True
1684,7,plague,0,0,0,0,False,False,True
1684,8,buried,370,374,-4,4,True,False,True
1684,8,plague,0,0,0,0,False,False,True
1684,9,buried,362,366,-4,4,True,False,True
1684,9,plague,0,0,0,0,False,False,True
1684,10,buried,362,361,1,1,True,False,True
1684,10,plague,0,0,0,0,False,False,True
1684,11,buried,376,376,0,0,False,False,True
1684,11,plague,0,0,0,0,False,False,True
1684,12,buried,458,458,0,0,False,False,True
1684,12,plague,0,0,0,0,False,False,True
1684,13,buried,367,367,0,0,False,False,True
1684,13,plague,0,0,0,0,False,False,True
1684,14,buried,907,907,0,0,False,False,True
1684,14,plague,0,0,0,0,False,False,True
1684,15,buried,444,455,-11,11,True,False,True
1684,15,plague,0,0,0,0,False,False,True
1684,16,buried,421,421,0,0,False,False,True
1684,16,plague,0,0,0,0,False,False,True
1684,17,buried,435,435,0,0,False,False,True
1684,17,plague,0,0,0,0,False,False,True
1684,18,buried,419,418,1,1,True,False,True
1684,18,plague,0,0,0,0,False,False,True
1684,19,buried,419,419,0,0,False,False,True
1684,19,plague,0,0,0,0,False,False,True
1684,20,buried,371,368,3,3,True,False,False
1684,20,plague,0,0,0,0,False,False,False
1684,21,buried,370,360,10,10,True,False,True
1684,21,plague,0,0,0,0,False,False,True
1684,22,buried,367,367,0,0,False,False,True
1684,22,plague,0,0,0,0,False,False,True
1684,24,buried,378,378,0,0,False,False,True
1684,24,plague,0,0,0,0,False,False,True
1684,25,buried,393,392,1,1,True,False,False
1684,25,plague,0,0,0,0,False,False,False
1684,26,buried,433,433,0,0,False,False,True
1684,26,plague,0,0,0,0,False,False,True
1684,27,buried,529,429,100,100,True,False,True
1684,27,plague,0,0,0,0,False,False,True
1684,28,buried,454,454,0,0,False,False,True
1684,28,plague,0,0,0,0,False,False,True
1684,29,buried,395,404,-9,9,True,False,True
1684,29,plague,0,0,0,0,False,False,True
1684,30,buried,364,364,0,0,False,False,True
1684,30,plague,0,0,0,0,False,False,True
1684,31,buried,420,420,0,0,False,False,True
1684,31,plague,0,0,0,0,False,False,True
1684,33,buried,720,656,64,64,True,False,True
1684,33,plague,0,0,0,0,False,False,True
1684,35,buried,609,609,0,0,False,False,True
1684,35,plague,0,0,0,0,False,False,True
1684,37,buried,585,585,0,0,False,False,True
1684,37,plague,0,0,0,0,False,False,True
1684,38,buried,564,564,0,0,False,False,True
1684,38,plague,0,0,0,0,False,False,True
1684,39,buried,471,476,-5,5,True,False,False
1684,39,plague,0,0,0,0,False,False,False
1684,40,buried,464,465,-1,1,True,False,True
1684,40,plague,0,0,0,0,False,False,True
1684,41,buried,436,446,-10,10,True,False,True
1684,41,plague,0,0,0,0,False,False,True
1684,42,buried,434,430,4,4,True,False,True
1684,42,plague,0,0,0,0,False,False,True
1684,43,buried,362,354,8,8,True,False,True
1684,43,plague,0,0,0,0,False,False,True
1684,44,buried,329,330,-1,1,True,False,True
1684,44,plague,0,0,0,0,False,False,True
1684,45,buried,366,366,0,0,False,False,True
1684,45,plague,0,0,0,0,False,False,True
1684,46,buried,247,366,-119,119,True,False,True
1684,46,plague,0,0,0,0,False,False,True
1684,48,buried,364,365,-1,1,True,False,True
1684,48,plague,0,0,0,0,False,False,True
1684,49,buried,401,401,0,0,False,False,True
1684,49,plague,0,0,0,0,False,False,True
1684,50,buried,349,350,-1,1,True,False,True
1684,50,plague,0,0,0,0,False,False,True
1684,51,buried,355,355,0,0,False,False,True
1684,51,plague,0,0,0,0,False,False,True
1684,52,buried,386,397,-11,11,True,False,True
1684,52,plague,0,0,0,0,False,False,True
1685,1,buried,438,438,0,0,False,False,True
1685,1,plague,0,0,0,0,False,False,True
1685,2,buried,432,432,0,0,False,False,True
1685,2,plague,0,0,0,0,False,False,True
1685,3,buried,394,394,0,0,False,False,True
1685,3,plague,0,0,0,0,False,False,True
1685,4,buried,400,400,0,0,False,False,True
1685,4,plague,0,0,0,0,False,False,True
1685,5,buried,396,401,-5,5,True,False,True
1685,5,plague,0,0,0,0,False,False,True
1685,6,buried,366,366,0,0,False,False,True
1685,6,plague,0,0,0,0,False,False,True
1685,7,buried,452,452,0,0,False,False,True
1685,7,plague,0,0,0,0,False,False,True
1685,8,buried,416,416,0,0,False,False,True
1685,8,plague,0,0,0,0,False,False,True
1685,9,buried,405,403,2,2,True,False,True
1685,9,plague,0,0,0,0,False,False,True
1685,10,buried,419,419,0,0,False,False,True
1685,10,plague,0,0,0,0,False,False,True
1685,11,buried,417,417,0,0,False,False,True
1685,11,plague,0,0,0,0,False,False,True
1685,12,buried,455,454,1,1,True,False,True
1685,12,plague,0,0,0,0,False,False,True
1685,13,buried,415,415,0,0,False,False,False
1685,13,plague,0,0,0,0,False,False,False
1685,14,buried,453,453,0,0,False,False,True
1685,14,plague,0,0,0,0,False,False,True
1685,15,buried,356,364,-8,8,True,False,True
1685,15,plague,0,0,0,0,False,False,True
1685,16,buried,421,420,1,1,True,False,True
1685,16,plague,0,0,0,0,False,False,True
1685,17,buried,433,433,0,0,False,False,True
1685,17,plague,0,0,0,0,False,False,True
1685,18,buried,473,473,0,0,False,False,True
1685,18,plague,0,0,0,0,False,False,True
1685,19,buried,470,469,1,1,True,False,True
1685,19,plague,0,0,0,0,False,False,True
1685,20,buried,385,384,1,1,True,False,True
1685,20,plague,0,0,0,0,False,False,True
1685,21,buried,447,447,0,0,False,False,True
1685,21,plague,0,0,0,0,False,False,True
1685,22,buried,437,436,1,1,True,False,True
1685,22,plague,0,0,0,0,False,False,True
1685,23,buried,452,452,0,0,False,False,True
1685,23,plague,0,0,0,0,False,False,True
1685,24,buried,469,469,0,0,False,False,True
1685,24,plague,0,0,0,0,False,False,True
1685,25,buried,521,531,-10,10,True,False,True
1685,25,plague,0,0,0,0,False,False,True
1685,26,buried,599,499,100,100,True,False,True
1685,26,plague,0,0,0,0,False,False,True
1685,27,buried,478,478,0,0,False,False,True
1685,27,plague,0,0,0,0,False,False,True
1685,28,buried,526,528,-2,2,True,False,True
1685,28,plague,0,0,0,0,False,False,True
1685,29,buried,497,496,1,1,True,False,True
1685,29,plague,0,0,0,0,False,False,True
1685,30,buried,478,478,0,0,False,False,True
1685,30,plague,0,0,0,0,False,False,True
1685,31,buried,464,462,2,2,True,False,True
1685,31,plague,0,0,0,0,False,False,True
1685,32,buried,488,450,38,38,True,False,True
1685,32,plague,0,0,0,0,False,False,True
1685,33,buried,496,493,3,3,True,False,True
1685,33,plague,0,0,0,0,False,False,True
1685,34,buried,527,527,0,0,False,False,True
1685,34,plague,0,0,0,0,False,False,True
1685,35,buried,580,580,0,0,False,False,True
1685,35,plague,0,0,0,0,False,False,True
1685,36,buried,422,539,-117,117,True,False,False
1685,36,plague,0,0,0,0,False,False,False
1685,37,buried,556,557,-1,1,True,False,True
1685,37,plague,0,0,0,0,False,False,True
1685,38,buried,539,529,10,10,True,False,True
1685,38,plague,0,0,0,0,False,False,True
1685,39,buried,485,485,0,0,False,False,True
1685,39,plague,0,0,0,0,False,False,True
1685,40,buried,459,459,0,0,False,False,True
1685,40,plague,0,0,0,0,False,False,True
1685,41,buried,502,482,20,20,True,False,False
1685,41,plague,0,0,0,0,False,False,False
1685,42,buried,444,444,0,0,False,False,True
1685,42,plague,0,0,0,0,False,False,True
1685,43,buried,445,434,11,11,True,False,True
1685,43,plague,0,0,0,0,False,False,True
1685,44,buried,369,369,0,0,False,False,True
1685,44,plague,0,0,0,0,False,False,True
1685,45,buried,379,380,-1,1,True,False,True
1685,45,plague,0,0,0,0,False,False,True
1685,46,buried,443,443,0,0,False,False,False
1685,46,plague,0,0,0,0,False,False,False
1685,47,buried,410,410,0,0,False,False,True
1685,47,plague,0,0,0,0,False,False,True
1685,48,buried,432,432,0,0,False,False,True
1685,48,plague,0,0,0,0,False,False,True
1685,49,buried,471,471,0,0,False,False,True
1685,49,plague,0,0,0,0,False,False,True
1685,50,buried,378,384,-6,6,True,False,True
1685,50,plague,0,0,0,0,False,False,True
1685,51,buried,452,452,0,0,False,False,True
1685,51,plague,0,0,0,0,False,False,True
1685,52,buried,403,403,0,0,False,False,True
1685,52,plague,0,0,0,0,False,False,True
1686,1,buried,354,354,0,0,False,False,True
1686,1,plague,0,0,0,0,False,False,True
1686,2,buried,356,356,0,0,False,False,True
1686,2,plague,0,0,0,0,False,False,True
1686,3,buried,387,387,0,0,False,False,True
1686,3,plague,0,0,0,0,False,False,True
1686,4,buried,389,385,4,4,True,False,True
1686,4,plague,0,0,0,0,False,False,True
1686,5,buried,463,463,0,0,False,False,False
1686,5,plague,0,0,0,0,False,False,False
1686,6,buried,453,449,4,4,True,False,True
1686,6,plague,0,0,0,0,False,False,True
1686,7,buried,431,430,1,1,True,False,True
1686,7,plague,0,0,0,0,False,False,True
1686,8,buried,398,398,0,0,False,False,True
1686,8,plague,0,0,0,0,False,False,True
1686,9,buried,421,421,0,0,False,False,True
1686,9,plague,0,0,0,0,False,False,True
1686,10,buried,407,407,0,0,False,False,True
1686,10,plague,0,0,0,0,False,False,True
1686,11,buried,401,400,1,1,True,False,True
1686,11,plague,0,0,0,0,False,False,True
1686,12,buried,446,446,0,0,False,False,True
1686,12,plague,0,0,0,0,False,False,True
1686,13,buried,382,369,13,13,True,False,True
1686,13,plague,0,0,0,0,False,False,True
1686,14,buried,365,364,1,1,True,False,True
1686,14,plague,0,0,0,0,False,False,True
1686,15,buried,372,372,0,0,False,False,True
1686,15,plague,0,0,0,0,False,False,True
1686,16,buried,392,392,0,0,False,False,True
1686,16,plague,0,0,0,0,False,False,True
1686,17,buried,393,393,0,0,False,False,True
1686,17,plague,0,0,0,0,False,False,True
1686,18,buried,420,421,-1,1,True,False,True
1686,18,plague,0,0,0,0,False,False,True
1686,19,buried,471,471,0,0,False,False,True
1686,19,plague,0,0,0,0,False,False,True
1686,20,buried,429,430,-1,1,True,False,True
1686,20,plague,0,0,0,0,False,False,True
1686,21,buried,374,374,0,0,False,False,True
1686,21,plague,0,0,0,0,False,False,True
1686,22,buried,395,395,0,0,False,False,True
1686,22,plague,0,0,0,0,False,False,True
1686,23,buried,395,395,0,0,False,False,True
1686,23,plague,0,0,0,0,False,False,True
1686,24,buried,383,373,10,10,True,False,True
1686,24,plague,0,0,0,0,False,False,True
1686,25,buried,404,413,-9,9,True,False,True
1686,25,plague,0,0,0,0,False,False,True
1686,26,buried,523,523,0,0,False,False,True
1686,26,plague,0,0,0,0,False,False,True
1686,27,buried,503,503,0,0,False,False,True
1686,27,plague,0,0,0,0,False,False,True
1686,28,buried,473,463,10,10,True,False,True
1686,28,plague,0,0,0,0,False,False,True
1686,29,buried,430,430,0,0,False,False,True
1686,29,plague,0,0,0,0,False,False,True
1686,30,buried,401,401,0,0,False,False,True
1686,30,plague,0,0,0,0,False,False,True
1686,31,buried,464,469,-5,5,True,False,True
1686,31,plague,0,0,0,0,False,False,True
1686,32,buried,508,508,0,0,False,False,True
1686,32,plague,0,0,0,0,False,False,True
1686,33,buried,506,506,0,0,False,False,True
1686,33,plague,0,0,0,0,False,False,True
1686,34,buried,493,492,1,1,True,False,True
1686,34,plague,0,0,0,0,False,False,True
1686,35,buried,522,524,-2,2,True,False,True
1686,35,plague,0,0,0,0,False,False,True
1686,36,buried,535,536,-1,1,True,False,True
1686,36,plague,0,0,0,0,False,False,True
1686,37,buried,520,520,0,0,False,False,True
1686,37,plague,0,0,0,0,False,False,True
1686,38,buried,531,531,0,0,False,False,True
1686,38,plague,0,0,0,0,False,False,True
1686,39,buried,498,498,0,0,False,False,True
1686,39,plague,0,0,0,0,False,False,True
1686,40,buried,540,540,0,0,False,False,True
1686,40,plague,0,0,0,0,False,False,True
1686,41,buried,443,443,0,0,False,False,True
1686,41,plague,0,0,0,0,False,False,True
1686,42,buried,425,425,0,0,False,False,True
1686,42,plague,0,0,0,0,False,False,True
1686,43,buried,432,432,0,0,False,False,True
1686,43,plague,0,0,0,0,False,False,True
1686,44,buried,391,391,0,0,False,False,True
1686,44,plague,0,0,0,0,False,False,True
1686,45,buried,402,402,0,0,False,False,True
1686,45,plague,0,0,0,0,False,False,True
1686,46,buried,373,372,1,1,True,False,True
1686,46,plague,0,0,0,0,False,False,True
1686,47,buried,456,456,0,0,False,False,True
1686,47,plague,0,0,0,0,False,False,True
1686,48,buried,401,401,0,0,False,False,True
1686,48,plague,0,0,0,0,False,False,True
1686,49,buried,359,359,0,0,False,False,True
1686,49,plague,0,0,0,0,False,False,True
1686,50,buried,397,397,0,0,False,False,True
1686,50,plague,0,0,0,0,False,False,True
1686,51,buried,359,359,0,0,False,False,True
1686,51,plague,0,0,0,0,False,False,True
1686,52,buried,438,419,19,19,True,False,True
1686,52,plague,0,0,0,0,False,False,True
1687,1,buried,419,419,0,0,False,False,True
1687,1,plague,0,0,0,0,False,False,True
1687,2,buried,396,397,-1,1,True,False,True
1687,2,plague,0,0,0,0,False,False,True
1687,3,buried,451,451,0,0,False,False,True
1687,3,plague,0,0,0,0,False,False,True
1687,4,buried,420,421,-1,1,True,False,True
1687,4,plague,0,0,0,0,False,False,True
1687,5,buried,433,433,0,0,False,False,True
1687,5,plague,0,0,0,0,False,False,True
1687,6,buried,447,445,2,2,True,False,True
1687,6,plague,0,0,0,0,False,False,True
1687,7,buried,444,444,0,0,False,False,True
1687,7,plague,0,0,0,0,False,False,True
1687,8,buried,478,478,0,0,False,False,True
1687,8,plague,0,0,0,0,False,False,True
1687,9,buried,467,467,0,0,False,False,True
1687,9,plague,0,0,0,0,False,False,True
1687,10,buried,580,580,0,0,False,False,True
1687,10,plague,0,0,0,0,False,False,True
1687,11,buried,439,439,0,0,False,False,True
1687,11,plague,0,0,0,0,False,False,True
1687,12,buried,477,475,2,2,True,False,True
1687,12,plague,0,0,0,0,False,False,True
1687,13,buried,488,488,0,0,False,False,True
1687,13,plague,0,0,0,0,False,False,True
1687,14,buried,470,470,0,0,False,False,True
1687,14,plague,0,0,0,0,False,False,True
1687,15,buried,369,367,2,2,True,False,True
1687,15,plague,0,0,0,0,False,False,True
1687,16,buried,440,414,26,26,True,False,False
1687,16,plague,0,0,0,0,False,False,False
1687,17,buried,412,412,0,0,False,False,True
1687,17,plague,0,0,0,0,False,False,True
1687,18,buried,433,428,5,5,True,False,True
1687,18,plague,0,0,0,0,False,False,True
1687,19,buried,384,384,0,0,False,False,True
1687,19,plague,0,0,0,0,False,False,True
1687,20,buried,351,345,6,6,True,False,True
1687,20,plague,0,0,0,0,False,False,True
1687,21,buried,394,394,0,0,False,False,True
1687,21,plague,0,0,0,0,False,False,True
1687,22,buried,366,366,0,0,False,False,True
1687,22,plague,0,0,0,0,False,False,True
1687,23,buried,383,382,1,1,True,False,True
1687,23,plague,0,0,0,0,False,False,True
1687,24,buried,396,396,0,0,False,False,True
1687,24,plague,0,0,0,0,False,False,True
1687,25,buried,372,372,0,0,False,False,True
1687,25,plague,0,0,0,0,False,False,True
1687,26,buried,329,329,0,0,False,False,True
1687,26,plague,0,0,0,0,False,False,True
1687,27,buried,340,340,0,0,False,False,True
1687,27,plague,0,0,0,0,False,False,True
1687,28,buried,361,361,0,0,False,False,True
1687,28,plague,0,0,0,0,False,False,True
1687,29,buried,357,357,0,0,False,False,True
1687,29,plague,0,0,0,0,False,False,True
1687,30,buried,393,393,0,0,False,False,True
1687,30,plague,0,0,0,0,False,False,True
1687,31,buried,399,399,0,0,False,False,True
1687,31,plague,0,0,0,0,False,False,True
1687,32,buried,486,486,0,0,False,False,True
1687,32,plague,0,0,0,0,False,False,True
1687,33,buried,550,550,0,0,False,False,True
1687,33,plague,0,0,0,0,False,False,True
1687,34,buried,540,540,0,0,False,False,True
1687,34,plague,0,0,0,0,False,False,True
1687,35,buried,542,542,0,0,False,False,True
1687,35,plague,0,0,0,0,False,False,True
1687,36,buried,475,475,0,0,False,False,True
1687,36,plague,0,0,0,0,False,False,True
1687,37,buried,495,485,10,10,True,False,True
1687,37,plague,0,0,0,0,False,False,True
1687,38,buried,443,443,0,0,False,False,True
1687,38,plague,0,0,0,0,False,False,True
1687,39,buried,452,450,2,2,True,False,True
1687,39,plague,0,0,0,0,False,False,True
1687,40,buried,413,412,1,1,True,False,True
1687,40,plague,0,0,0,0,False,False,True
1687,41,buried,426,426,0,0,False,False,True
1687,41,plague,0,0,0,0,False,False,True
1687,42,buried,473,473,0,0,False,False,True
1687,42,plague,0,0,0,0,False,False,True
1687,43,buried,341,341,0,0,False,False,True
1687,43,plague,0,0,0,0,False,False,True
1687,44,buried,392,392,0,0,False,False,True
1687,44,plague,0,0,0,0,False,False,True
1687,45,buried,380,374,6,6,True,False,False
1687,45,plague,0,0,0,0,False,False,False
1687,46,buried,393,393,0,0,False,False,True
1687,46,plague,0,0,0,0,False,False,True
1687,47,buried,371,371,0,0,False,False,True
1687,47,plague,0,0,0,0,False,False,True
1687,48,buried,379,379,0,0,False,False,True
1687,48,plague,0,0,0,0,False,False,True
1687,49,buried,421,421,0,0,False,False,True
1687,49,plague,0,0,0,0,False,False,True
1687,50,buried,455,455,0,0,False,False,True
1687,50,plague,0,0,0,0,False,False,True
1687,51,buried,471,471,0,0,False,False,True
1687,51,plague,0,0,0,0,False,False,True
1687,52,buried,430,430,0,0,False,False,True
1687,52,plague,0,0,0,0,False,False,True
1688,1,buried,413,413,0,0,False,False,True
1688,1,plague,0,0,0,0,False,False,True
1688,2,buried,353,353,0,0,False,False,True
1688,2,plague,0,0,0,0,False,False,True
1688,3,buried,432,432,0,0,False,False,True
1688,3,plague,0,0,0,0,False,False,True
1688,4,buried,451,451,0,0,False,False,True
1688,4,plague,0,0,0,0,False,False,True
1688,5,buried,483,483,0,0,False,False,True
1688,5,plague,0,0,0,0,False,False,True
1688,6,buried,424,424,0,0,False,False,True
1688,6,plague,0,0,0,0,False,False,True
1688,7,buried,440,440,0,0,False,False,True
1688,7,plague,0,0,0,0,False,False,True
1688,8,buried,397,394,3,3,True,False,True
1688,8,plague,0,0,0,0,False,False,True
1688,9,buried,370,370,0,0,False,False,True
1688,9,plague,0,0,0,0,False,False,True
1688,10,buried,421,424,-3,3,True,False,True
1688,10,plague,0,0,0,0,False,False,True
1688,11,buried,393,393,0,0,False,False,True
1688,11,plague,0,0,0,0,False,False,True
1688,13,buried,389,389,0,0,False,False,True
1688,13,plague,0,0,0,0,False,False,True
1688,14,buried,389,389,0,0,False,False,True
1688,14,plague,0,0,0,0,False,False,True
1688,15,buried,423,423,0,0,False,False,True
1688,15,plague,0,0,0,0,False,False,True
1688,16,buried,416,416,0,0,False,False,True
1688,16,plague,0,0,0,0,False,False,True
1688,17,buried,486,486,0,0,False,False,True
1688,17,plague,0,0,0,0,False,False,True
1688,18,buried,412,412,0,0,False,False,True
1688,18,plague,0,0,0,0,False,False,True
1688,19,buried,477,477,0,0,False,False,True
1688,19,plague,0,0,0,0,False,False,True
1688,20,buried,389,389,0,0,False,False,True
1688,20,plague,0,0,0,0,False,False,True
1688,21,buried,408,408,0,0,False,False,True
1688,21,plague,0,0,0,0,False,False,True
1688,22,buried,401,401,0,0,False,False,True
1688,22,plague,0,0,0,0,False,False,True
1688,23,buried,386,386,0,0,False,False,True
1688,23,plague,0,0,0,0,False,False,True
1688,24,buried,368,368,0,0,False,False,True
1688,24,plague,0,0,0,0,False,False,True
1688,25,buried,512,518,-6,6,True,False,True
1688,25,plague,0,0,0,0,False,False,True
1688,26,buried,559,559,0,0,False,False,True
1688,26,plague,0,0,0,0,False,False,True
1688,27,buried,435,435,0,0,False,False,True
1688,27,plague,0,0,0,0,False,False,True
1688,28,buried,437,437,0,0,False,False,True
1688,28,plague,0,0,0,0,False,False,True
1688,29,buried,355,355,0,0,False,False,True
1688,29,plague,0,0,0,0,False,False,True
1688,30,buried,353,353,0,0,False,False,True
1688,30,plague,0,0,0,0,False,False,True
1688,31,buried,388,389,-1,1,True,False,True
1688,31,plague,0,0,0,0,False,False,True
1688,32,buried,491,491,0,0,False,False,True
1688,32,plague,0,0,0,0,False,False,True
1688,33,buried,510,510,0,0,False,False,True
1688,33,plague,0,0,0,0,False,False,True
1688,34,buried,557,557,0,0,False,False,True
1688,34,plague,0,0,0,0,False,False,True
1688,35,buried,630,630,0,0,False,False,True
1688,35,plague,0,0,0,0,False,False,True
1688,36,buried,518,518,0,0,False,False,True
1688,36,plague,0,0,0,0,False,False,True
1688,37,buried,483,483,0,0,False,False,True
1688,37,plague,0,0,0,0,False,False,True
1688,38,buried,532,532,0,0,False,False,True
1688,38,plague,0,0,0,0,False,False,True
1688,39,buried,547,547,0,0,False,False,True
1688,39,plague,0,0,0,0,False,False,True
1688,40,buried,474,474,0,0,False,False,True
1688,40,plague,0,0,0,0,False,False,True
1688,41,buried,476,476,0,0,False,False,True
1688,41,plague,0,0,0,0,False,False,True
1688,42,buried,380,380,0,0,False,False,True
1688,42,plague,0,0,0,0,False,False,True
1688,43,buried,362,363,-1,1,True,False,True
1688,43,plague,0,0,0,0,False,False,True
1688,44,buried,385,386,-1,1,True,False,True
1688,44,plague,0,0,0,0,False,False,True
1688,45,buried,363,363,0,0,False,False,True
1688,45,plague,0,0,0,0,False,False,True
1688,46,buried,378,378,0,0,False,False,True
1688,46,plague,0,0,0,0,False,False,True
1688,47,buried,341,340,1,1,True,False,True
1688,47,plague,0,0,0,0,False,False,True
1688,48,buried,394,394,0,0,False,False,True
1688,48,plague,0,0,0,0,False,False,True
1688,49,buried,373,373,0,0,False,False,True
1688,49,plague,0,0,0,0,False,False,True
1688,50,buried,390,390,0,0,False,False,True
1688,50,plague,0,0,0,0,False,False,True
1688,51,buried,340,340,0,0,False,False,True
1688,51,plague,0,0,0,0,False,False,True
1688,52,buried,377,377,0,0,False,False,True
1688,52,plague,0,0,0,0,False,False,True
1689,1,buried,377,377,0,0,False,False,True
1689,1,plague,0,0,0,0,False,False,True
1689,2,buried,451,451,0,0,False,False,True
1689,2,plague,0,0,0,0,False,False,True
1689,3,buried,423,423,0,0,False,False,False
1689,3,plague,0,0,0,0,False,False,False
1689,4,buried,429,429,0,0,False,False,True
1689,4,plague,0,0,0,0,False,False,True
1689,5,buried,452,452,0,0,False,False,True
1689,5,plague,0,0,0,0,False,False,True
1689,6,buried,443,443,0,0,False,False,True
1689,6,plague,0,0,0,0,False,False,True
1689,7,buried,448,448,0,0,False,False,True
1689,7,plague,0,0,0,0,False,False,True
1689,8,buried,444,443,1,1,True,False,False
1689,8,plague,0,0,0,0,False,False,False
1689,9,buried,473,474,-1,1,True,False,False
1689,9,plague,0,0,0,0,False,False,False
1689,10,buried,429,429,0,0,False,False,True
1689,10,plague,0,0,0,0,False,False,True
1689,11,buried,473,473,0,0,False,False,True
1689,11,plague,0,0,0,0,False,False,True
1689,12,buried,468,468,0,0,False,False,True
1689,12,plague,0,0,0,0,False,False,True
1689,13,buried,506,506,0,0,False,False,True
1689,13,plague,0,0,0,0,False,False,True
1689,15,buried,324,324,0,0,False,False,True
1689,15,plague,0,0,0,0,False,False,True
1689,16,buried,378,378,0,0,False,False,True
1689,16,plague,0,0,0,0,False,False,True
1689,17,buried,324,325,-1,1,True,False,True
1689,17,plague,0,0,0,0,False,False,True
1689,18,buried,354,354,0,0,False,False,True
1689,18,plague,0,0,0,0,False,False,True
1689,19,buried,355,357,-2,2,True,False,True
1689,19,plague,0,0,0,0,False,False,True
1689,20,buried,355,355,0,0,False,False,True
1689,20,plague,0,0,0,0,False,False,True
1689,22,buried,387,387,0,0,False,False,True
1689,22,plague,0,0,0,0,False,False,True
1689,23,buried,366,366,0,0,False,False,True
1689,23,plague,0,0,0,0,False,False,True
1689,24,buried,352,352,0,0,False,False,True
1689,24,plague,0,0,0,0,False,False,True
1689,25,buried,365,353,12,12,True,False,True
1689,25,plague,0,0,0,0,False,False,True
1689,26,buried,360,390,-30,30,True,False,True
1689,26,plague,0,0,0,0,False,False,True
1689,27,buried,351,350,1,1,True,False,True
1689,27,plague,0,0,0,0,False,False,True
1689,28,buried,328,328,0,0,False,False,True
1689,28,plague,0,0,0,0,False,False,True
1689,29,buried,433,433,0,0,False,False,True
1689,29,plague,0,0,0,0,False,False,True
1689,30,buried,387,387,0,0,False,False,True
1689,30,plague,0,0,0,0,False,False,True
1689,31,buried,486,486,0,0,False,False,True
1689,31,plague,0,0,0,0,False,False,True
1689,32,buried,463,463,0,0,False,False,True
1689,32,plague,0,0,0,0,False,False,True
1689,33,buried,504,504,0,0,False,False,True
1689,33,plague,0,0,0,0,False,False,True
1689,34,buried,576,576,0,0,False,False,True
1689,34,plague,0,0,0,0,False,False,True
1689,35,buried,531,632,-101,101,True,False,True
1689,35,plague,0,0,0,0,False,False,True
1689,36,buried,662,672,-10,10,True,False,True
1689,36,plague,0,0,0,0,False,False,True
1689,37,buried,726,726,0,0,False,False,True
1689,37,plague,0,0,0,0,False,False,True
1689,38,buried,733,733,0,0,False,False,True
1689,38,plague,0,0,0,0,False,False,True
1689,39,buried,693,693,0,0,False,False,True
1689,39,plague,0,0,0,0,False,False,True
1689,40,buried,630,630,0,0,False,False,True
1689,40,plague,0,0,0,0,False,False,True
1689,41,buried,558,557,1,1,True,False,False
1689,41,plague,0,0,0,0,False,False,False
1689,42,buried,540,540,0,0,False,False,True
1689,42,plague,0,0,0,0,False,False,True
1689,43,buried,486,486,0,0,False,False,True
1689,43,plague,0,0,0,0,False,False,True
1689,44,buried,434,434,0,0,False,False,True
1689,44,plague,0,0,0,0,False,False,True
1689,45,buried,473,473,0,0,False,False,True
1689,45,plague,0,0,0,0,False,False,True
1689,46,buried,445,444,1,1,True,False,True
1689,46,plague,0,0,0,0,False,False,True
1689,47,buried,372,372,0,0,False,False,True
1689,47,plague,0,0,0,0,False,False,True
1689,48,buried,401,401,0,0,False,False,True
1689,48,plague,0,0,0,0,False,False,True
1689,49,buried,460,460,0,0,False,False,True
1689,49,plague,0,0,0,0,False,False,True
1689,50,buried,417,417,0,0,False,False,True
1689,50,plague,0,0,0,0,False,False,True
1689,51,buried,419,419,0,0,False,False,True
1689,51,plague,0,0,0,0,False,False,True
1689,52,buried,425,425,0,0,False,False,True
1689,52,plague,0,0,0,0,False,False,True
1689,53,buried,423,423,0,0,False,False,True
1689,53,plague,0,0,0,0,False,False,True
1690,1,buried,468,468,0,0,False,False,True
1690,1,plague,0,0,0,0,False,False,True
1690,2,buried,539,539,0,0,False,False,True
1690,2,plague,0,0,0,0,False,False,True
1690,3,buried,460,460,0,0,False,False,True
1690,3,plague,0,0,0,0,False,False,True
1690,4,buried,469,467,2,2,True,False,True
1690,4,plague,0,0,0,0,False,False,True
1690,5,buried,476,476,0,0,False,False,True
1690,5,plague,0,0,0,0,False,False,True
1690,6,buried,441,440,1,1,True,False,True
1690,6,plague,0,0,0,0,False,False,True
1690,7,buried,419,419,0,0,False,False,True
1690,7,plague,0,0,0,0,False,False,True
1690,8,buried,417,417,0,0,False,False,True
1690,8,plague,0,0,0,0,False,False,True
1690,9,buried,442,442,0,0,False,False,True
1690,9,plague,0,0,0,0,False,False,True
1690,10,buried,464,464,0,0,False,False,True
1690,10,plague,0,0,0,0,False,False,True
1690,11,buried,476,476,0,0,False,False,True
1690,11,plague,0,0,0,0,False,False,True
1690,12,buried,435,435,0,0,False,False,True
1690,12,plague,0,0,0,0,False,False,True
1690,13,buried,358,358,0,0,False,False,True
1690,13,plague,0,0,0,0,False,False,True
1690,14,buried,831,832,-1,1,True,False,True
1690,14,plague,0,0,0,0,False,False,True
1690,15,buried,452,479,-27,27,True,False,True
1690,15,plague,0,0,0,0,False,False,True
1690,16,buried,453,453,0,0,False,False,True
1690,16,plague,0,0,0,0,False,False,True
1690,17,buried,406,406,0,0,False,False,True
1690,17,plague,0,0,0,0,False,False,True
1690,18,buried,430,430,0,0,False,False,True
1690,18,plague,0,0,0,0,False,False,True
1690,19,buried,484,484,0,0,False,False,True
1690,19,plague,0,0,0,0,False,False,True
1690,20,buried,437,437,0,0,False,False,True
1690,20,plague,0,0,0,0,False,False,True
1690,21,buried,420,420,0,0,False,False,True
1690,21,plague,0,0,0,0,False,False,True
1690,22,buried,389,389,0,0,False,False,True
1690,22,plague,0,0,0,0,False,False,True
1690,23,buried,375,375,0,0,False,False,True
1690,23,plague,0,0,0,0,False,False,True
1690,24,buried,388,388,0,0,False,False,True
1690,24,plague,0,0,0,0,False,False,True
1690,25,buried,407,407,0,0,False,False,False
1690,25,plague,0,0,0,0,False,False,False
1690,26,buried,393,393,0,0,False,False,True
1690,26,plague,0,0,0,0,False,False,True
1690,27,buried,369,369,0,0,False,False,True
1690,27,plague,0,0,0,0,False,False,True
1690,28,buried,345,345,0,0,False,False,True
1690,28,plague,0,0,0,0,False,False,True
1690,29,buried,351,351,0,0,False,False,True
1690,29,plague,0,0,0,0,False,False,True
1690,30,buried,339,339,0,0,False,False,True
1690,30,plague,0,0,0,0,False,False,True
1690,31,buried,376,376,0,0,False,False,True
1690,31,plague,0,0,0,0,False,False,True
1690,32,buried,452,452,0,0,False,False,True
1690,32,plague,0,0,0,0,False,False,True
1690,33,buried,495,495,0,0,False,False,True
1690,33,plague,0,0,0,0,False,False,True
1690,34,buried,441,441,0,0,False,False,True
1690,34,plague,0,0,0,0,False,False,True
1690,35,buried,465,465,0,0,False,False,True
1690,35,plague,0,0,0,0,False,False,True
1690,36,buried,398,398,0,0,False,False,True
1690,36,plague,0,0,0,0,False,False,True
1690,37,buried,381,380,1,1,True,False,True
1690,37,plague,0,0,0,0,False,False,True
1690,38,buried,396,396,0,0,False,False,True
1690,38,plague,0,0,0,0,False,False,True
1690,39,buried,353,353,0,0,False,False,True
1690,39,plague,0,0,0,0,False,False,True
1690,40,buried,367,367,0,0,False,False,True
1690,40,plague,0,0,0,0,False,False,True
1690,41,buried,385,385,0,0,False,False,True
1690,41,plague,0,0,0,0,False,False,True
1690,42,buried,381,381,0,0,False,False,False
1690,42,plague,0,0,0,0,False,False,False
1690,43,buried,387,387,0,0,False,False,True
1690,43,plague,0,0,0,0,False,False,True
1690,44,buried,331,331,0,0,False,False,True
1690,44,plague,0,0,0,0,False,False,True
1690,45,buried,383,383,0,0,False,False,True
1690,45,plague,0,0,0,0,False,False,True
1690,46,buried,413,393,20,20,True,False,True
1690,46,plague,0,0,0,0,False,False,True
1690,47,buried,365,365,0,0,False,False,True
1690,47,plague,0,0,0,0,False,False,True
1690,48,buried,331,331,0,0,False,False,True
1690,48,plague,0,0,0,0,False,False,True
1690,49,buried,374,374,0,0,False,False,True
1690,49,plague,0,0,0,0,False,False,True
1690,50,buried,398,398,0,0,False,False,True
1690,50,plague,0,0,0,0,False,False,True
1690,51,buried,363,363,0,0,False,False,True
1690,51,plague,0,0,0,0,False,False,True
1690,52,buried,475,475,0,0,False,False,True
1690,52,plague,0,0,0,0,False,False,True
1691,1,buried,452,452,0,0,False,False,True
1691,1,plague,0,0,0,0,False,False,True
1691,2,buried,447,447,0,0,False,False,True
1691,2,plague,0,0,0,0,False,False,True
1691,3,buried,427,427,0,0,False,False,True
1691,3,plague,0,0,0,0,False,False,True
1691,4,buried,500,500,0,0,False,False,True
1691,4,plague,0,0,0,0,False,False,True
1691,5,buried,445,445,0,0,False,False,False
1691,5,plague,0,0,0,0,False,False,False
1691,6,buried,487,487,0,0,False,False,True
1691,6,plague,0,0,0,0,False,False,True
1691,7,buried,548,548,0,0,False,False,True
1691,7,plague,0,0,0,0,False,False,True
1691,8,buried,532,532,0,0,False,False,True
1691,8,plague,0,0,0,0,False,False,True
1691,9,buried,546,546,0,0,False,False,True
1691,9,plague,0,0,0,0,False,False,True
1691,10,buried,505,505,0,0,False,False,True
1691,10,plague,0,0,0,0,False,False,True
1691,11,buried,482,482,0,0,False,False,True
1691,11,plague,0,0,0,0,False,False,True
1691,12,buried,472,472,0,0,False,False,False
1691,12,plague,0,0,0,0,False,False,False
1691,13,buried,483,483,0,0,False,False,True
1691,13,plague,0,0,0,0,False,False,True
1691,14,buried,449,449,0,0,False,False,True
1691,14,plague,0,0,0,0,False,False,True
1691,15,buried,816,816,0,0,False,False,True
1691,15,plague,0,0,0,0,False,False,True
1691,16,buried,421,421,0,0,False,False,True
1691,16,plague,0,0,0,0,False,False,True
1691,17,buried,377,377,0,0,False,False,True
1691,17,plague,0,0,0,0,False,False,True
1691,18,buried,414,414,0,0,False,False,True
1691,18,plague,0,0,0,0,False,False,True
1691,19,buried,327,327,0,0,False,False,True
1691,19,plague,0,0,0,0,False,False,True
1691,20,buried,440,429,11,11,True,False,True
1691,20,plague,0,0,0,0,False,False,True
1691,21,buried,387,387,0,0,False,False,True
1691,21,plague,0,0,0,0,False,False,True
1691,22,buried,374,374,0,0,False,False,True
1691,22,plague,0,0,0,0,False,False,True
1691,23,buried,353,353,0,0,False,False,False
1691,23,plague,0,0,0,0,False,False,False
1691,24,buried,354,354,0,0,False,False,True
1691,24,plague,0,0,0,0,False,False,True
1691,25,buried,384,384,0,0,False,False,True
1691,25,plague,0,0,0,0,False,False,True
1691,26,buried,365,365,0,0,False,False,False
1691,26,plague,0,0,0,0,False,False,False
1691,27,buried,360,360,0,0,False,False,True
1691,27,plague,0,0,0,0,False,False,True
1691,28,buried,361,351,10,10,True,False,True
1691,28,plague,0,0,0,0,False,False,True
1691,29,buried,372,372,0,0,False,False,True
1691,29,plague,0,0,0,0,False,False,True
1691,30,buried,427,427,0,0,False,False,True
1691,30,plague,0,0,0,0,False,False,True
1691,31,buried,415,415,0,0,False,False,True
1691,31,plague,0,0,0,0,False,False,True
1691,32,buried,495,495,0,0,False,False,True
1691,32,plague,0,0,0,0,False,False,True
1691,33,buried,635,636,-1,1,True,False,False
1691,33,plague,0,0,0,0,False,False,False
1691,34,buried,643,643,0,0,False,False,True
1691,34,plague,0,0,0,0,False,False,True
1691,35,buried,648,656,-8,8,True,False,False
1691,35,plague,0,0,0,0,False,False,False
1691,36,buried,687,687,0,0,False,False,True
1691,36,plague,0,0,0,0,False,False,True
1691,37,buried,517,517,0,0,False,False,True
1691,37,plague,0,0,0,0,False,False,True
1691,38,buried,497,497,0,0,False,False,True
1691,38,plague,0,0,0,0,False,False,True
1691,39,buried,432,432,0,0,False,False,True
1691,39,plague,0,0,0,0,False,False,True
1691,40,buried,474,474,0,0,False,False,False
1691,40,plague,0,0,0,0,False,False,False
1691,41,buried,444,444,0,0,False,False,False
1691,41,plague,0,0,0,0,False,False,False
1691,42,buried,450,450,0,0,False,False,True
1691,42,plague,0,0,0,0,False,False,True
1691,43,buried,418,418,0,0,False,False,True
1691,43,plague,0,0,0,0,False,False,True
1691,44,buried,403,403,0,0,False,False,True
1691,44,plague,0,0,0,0,False,False,True
1691,45,buried,366,366,0,0,False,False,True
1691,45,plague,0,0,0,0,False,False,True
1691,46,buried,381,371,10,10,True,False,True
1691,46,plague,0,0,0,0,False,False,True
1691,47,buried,428,428,0,0,False,False,True
1691,47,plague,0,0,0,0,False,False,True
1691,48,buried,400,400,0,0,False,False,False
1691,48,plague,0,0,0,0,False,False,False
1691,49,buried,403,403,0,0,False,False,True
1691,49,plague,0,0,0,0,False,False,True
1691,50,buried,416,416,0,0,False,False,True
1691,50,plague,0,0,0,0,False,False,True
1691,51,buried,428,428,0,0,False,False,True
1691,51,plague,0,0,0,0,False,False,True
1691,52,buried,414,414,0,0,False,False,True
1691,52,plague,0,0,0,0,False,False,True
1692,1,buried,384,384,0,0,False,False,True
1692,1,plague,0,0,0,0,False,False,True
1692,2,buried,357,357,0,0,False,False,True
1692,2,plague,0,0,0,0,False,False,True
1692,3,buried,421,421,0,0,False,False,True
1692,3,plague,0,0,0,0,False,False,True
1692,4,buried,360,360,0,0,False,False,True
1692,4,plague,0,0,0,0,False,False,True
1692,5,buried,376,376,0,0,False,False,True
1692,5,plague,0,0,0,0,False,False,True
1692,6,buried,436,436,0,0,False,False,True
1692,6,plague,0,0,0,0,False,False,True
1692,7,buried,413,413,0,0,False,False,True
1692,7,plague,0,0,0,0,False,False,True
1692,8,buried,395,395,0,0,False,False,True
1692,8,plague,0,0,0,0,False,False,True
1692,9,buried,365,363,2,2,True,False,True
1692,9,plague,0,0,0,0,False,False,True
1692,10,buried,380,380,0,0,False,False,True
1692,10,plague,0,0,0,0,False,False,True
1692,11,buried,366,366,0,0,False,False,True
1692,11,plague,0,0,0,0,False,False,True
1692,12,buried,398,398,0,0,False,False,True
1692,12,plague,0,0,0,0,False,False,True
1692,13,buried,405,395,10,10,True,False,True
1692,13,plague,0,0,0,0,False,False,True
1692,14,buried,388,388,0,0,False,False,True
1692,14,plague,0,0,0,0,False,False,True
1692,15,buried,376,406,-30,30,True,False,False
1692,15,plague,0,0,0,0,False,False,False
1692,16,buried,406,406,0,0,False,False,True
1692,16,plague,0,0,0,0,False,False,True
1692,17,buried,433,433,0,0,False,False,True
1692,17,plague,0,0,0,0,False,False,True
1692,18,buried,456,456,0,0,False,False,True
1692,18,plague,0,0,0,0,False,False,True
1692,19,buried,394,403,-9,9,True,False,True
1692,19,plague,0,0,0,0,False,False,True
1692,20,buried,375,373,2,2,True,False,True
1692,20,plague,0,0,0,0,False,False,True
1692,21,buried,424,424,0,0,False,False,True
1692,21,plague,0,0,0,0,False,False,True
1692,22,buried,398,398,0,0,False,False,True
1692,22,plague,0,0,0,0,False,False,True
1692,23,buried,371,371,0,0,False,False,True
1692,23,plague,0,0,0,0,False,False,True
1692,24,buried,331,337,-6,6,True,False,True
1692,24,plague,0,0,0,0,False,False,True
1692,25,buried,375,375,0,0,False,False,True
1692,25,plague,0,0,0,0,False,False,True
1692,26,buried,349,349,0,0,False,False,True
1692,26,plague,0,0,0,0,False,False,True
1692,27,buried,308,308,0,0,False,False,True
1692,27,plague,0,0,0,0,False,False,True
1692,28,buried,326,328,-2,2,True,False,True
1692,28,plague,0,0,0,0,False,False,True
1692,29,buried,312,313,-1,1,True,False,True
1692,29,plague,0,0,0,0,False,False,True
1692,30,buried,358,358,0,0,False,False,True
1692,30,plague,0,0,0,0,False,False,True
1692,31,buried,325,325,0,0,False,False,True
1692,31,plague,0,0,0,0,False,False,True
1692,32,buried,323,323,0,0,False,False,True
1692,32,plague,0,0,0,0,False,False,True
1692,33,buried,322,322,0,0,False,False,True
1692,33,plague,0,0,0,0,False,False,True
1692,34,buried,330,334,-4,4,True,False,False
1692,34,plague,0,0,0,0,False,False,False
1692,35,buried,345,335,10,10,True,False,True
1692,35,plague,0,0,0,0,False,False,True
1692,36,buried,362,362,0,0,False,False,True
1692,36,plague,0,0,0,0,False,False,True
1692,37,buried,419,419,0,0,False,False,True
1692,37,plague,0,0,0,0,False,False,True
1692,38,buried,397,397,0,0,False,False,True
1692,38,plague,0,0,0,0,False,False,True
1692,39,buried,380,380,0,0,False,False,True
1692,39,plague,0,0,0,0,False,False,True
1692,40,buried,352,352,0,0,False,False,True
1692,40,plague,0,0,0,0,False,False,True
1692,41,buried,378,358,20,20,True,False,False
1692,41,plague,0,0,0,0,False,False,False
1692,42,buried,332,332,0,0,False,False,False
1692,42,plague,0,0,0,0,False,False,False
1692,43,buried,381,381,0,0,False,False,True
1692,43,plague,0,0,0,0,False,False,True
1692,44,buried,330,329,1,1,True,False,False
1692,44,plague,0,0,0,0,False,False,False
1692,45,buried,376,374,2,2,True,False,True
1692,45,plague,0,0,0,0,False,False,True
1692,46,buried,323,325,-2,2,True,False,True
1692,46,plague,0,0,0,0,False,False,True
1692,47,buried,384,384,0,0,False,False,True
1692,47,plague,0,0,0,0,False,False,True
1692,48,buried,391,391,0,0,False,False,False
1692,48,plague,0,0,0,0,False,False,False
1692,49,buried,359,359,0,0,False,False,True
1692,49,plague,0,0,0,0,False,False,True
1692,50,buried,418,407,11,11,True,False,True
1692,50,plague,0,0,0,0,False,False,True
1692,51,buried,421,421,0,0,False,False,True
1692,51,plague,0,0,0,0,False,False,True
1692,52,buried,388,375,13,13,True,False,True
1692,52,plague,0,0,0,0,False,False,True
1693,1,buried,448,451,-3,3,True,False,False
1693,1,plague,0,0,0,0,False,False,False
1693,2,buried,489,488,1,1,True,False,False
1693,2,plague,0,0,0,0,False,False,False
1693,3,buried,486,486,0,0,False,False,True
1693,3,plague,0,0,0,0,False,False,True
1693,4,buried,489,490,-1,1,True,False,True
1693,4,plague,0,0,0,0,False,False,True
1693,5,buried,375,473,-98,98,True,False,False
1693,5,plague,0,0,0,0,False,False,False
1693,6,buried,432,432,0,0,False,False,True
1693,6,plague,0,0,0,0,False,False,True
1693,7,buried,421,421,0,0,False,False,True
1693,7,plague,0,0,0,0,False,False,True
1693,8,buried,432,421,11,11,True,False,True
1693,8,plague,0,0,0,0,False,False,True
1693,9,buried,396,394,2,2,True,False,True
1693,9,plague,0,0,0,0,False,False,True
1693,10,buried,425,424,1,1,True,False,True
1693,10,plague,0,0,0,0,False,False,True
1693,11,buried,447,437,10,10,True,False,True
1693,11,plague,0,0,0,0,False,False,True
1693,12,buried,468,468,0,0,False,False,True
1693,12,plague,0,0,0,0,False,False,True
1693,14,buried,481,481,0,0,False,False,True
1693,14,plague,0,0,0,0,False,False,True
1693,16,buried,380,380,0,0,False,False,False
1693,16,plague,0,0,0,0,False,False,False
1693,17,buried,379,379,0,0,False,False,True
1693,17,plague,0,0,0,0,False,False,True
1693,18,buried,347,347,0,0,False,False,True
1693,18,plague,0,0,0,0,False,False,True
1693,19,buried,347,347,0,0,False,False,True
1693,19,plague,0,0,0,0,False,False,True
1693,20,buried,352,352,0,0,False,False,True
1693,20,plague,0,0,0,0,False,False,True
1693,21,buried,367,367,0,0,False,False,True
1693,21,plague,0,0,0,0,False,False,True
1693,22,buried,352,352,0,0,False,False,False
1693,22,plague,0,0,0,0,False,False,False
1693,23,buried,422,375,47,47,True,False,False
1693,23,plague,0,0,0,0,False,False,False
1693,24,buried,392,392,0,0,False,False,True
1693,24,plague,0,0,0,0,False,False,True
1693,25,buried,314,313,1,1,True,False,False
1693,25,plague,0,0,0,0,False,False,False
1693,26,buried,380,370,10,10,True,False,False
1693,26,plague,0,0,0,0,False,False,False
1693,27,buried,345,345,0,0,False,False,True
1693,27,plague,0,0,0,0,False,False,True
1693,28,buried,302,302,0,0,False,False,True
1693,28,plague,0,0,0,0,False,False,True
1693,29,buried,380,371,9,9,True,False,False
1693,29,plague,0,0,0,0,False,False,False
1693,30,buried,369,389,-20,20,True,False,False
1693,30,plague,0,0,0,0,False,False,False
1693,31,buried,368,368,0,0,False,False,False
1693,31,plague,0,0,0,0,False,False,False
1693,32,buried,404,414,-10,10,True,False,False
1693,32,plague,0,0,0,0,False,False,False
1693,33,buried,436,436,0,0,False,False,True
1693,33,plague,0,0,0,0,False,False,True
1693,34,buried,432,432,0,0,False,False,True
1693,34,plague,0,0,0,0,False,False,True
1693,35,buried,539,529,10,10,True,False,False
1693,35,plague,0,0,0,0,False,False,False
1693,36,buried,543,543,0,0,False,False,True
1693,36,plague,0,0,0,0,False,False,True
1693,37,buried,472,472,0,0,False,False,True
1693,37,plague,0,0,0,0,False,False,True
1693,38,buried,453,443,10,10,True,False,True
1693,38,plague,0,0,0,0,False,False,True
1693,39,buried,406,406,0,0,False,False,True
1693,39,plague,0,0,0,0,False,False,True
1693,40,buried,402,402,0,0,False,False,True
1693,40,plague,0,0,0,0,False,False,True
1693,41,buried,332,331,1,1,True,False,False
1693,41,plague,0,0,0,0,False,False,False
1693,42,buried,392,392,0,0,False,False,True
1693,42,plague,0,0,0,0,False,False,True
1693,43,buried,353,353,0,0,False,False,True
1693,43,plague,0,0,0,0,False,False,True
1693,44,buried,353,353,0,0,False,False,False
1693,44,plague,0,0,0,0,False,False,False
1693,45,buried,384,384,0,0,False,False,True
1693,45,plague,0,0,0,0,False,False,True
1693,46,buried,457,457,0,0,False,False,True
1693,46,plague,0,0,0,0,False,False,True
1693,47,buried,455,455,0,0,False,False,True
1693,47,plague,0,0,0,0,False,False,True
1693,48,buried,365,365,0,0,False,False,True
1693,48,plague,0,0,0,0,False,False,True
1693,49,buried,380,379,1,1,True,False,True
1693,49,plague,0,0,0,0,False,False,True
1693,50,buried,439,439,0,0,False,False,True
1693,50,plague,0,0,0,0,False,False,True
1693,51,buried,447,447,0,0,False,False,True
1693,51,plague,0,0,0,0,False,False,True
1693,52,buried,443,443,0,0,False,False,True
1693,52,plague,0,0,0,0,False,False,True
1693,53,buried,447,447,0,0,False,False,True
1693,53,plague,0,0,0,0,False,False,True
1694,1,buried,394,402,-8,8,True,False,False
1694,1,plague,0,0,0,0,False,False,False
1694,2,buried,442,443,-1,1,True,False,True
1694,2,plague,0,0,0,0,False,False,True
1694,3,buried,498,498,0,0,False,False,True
1694,3,plague,0,0,0,0,False,False,True
1694,4,buried,471,471,0,0,False,False,True
1694,4,plague,0,0,0,0,False,False,True
1694,5,buried,494,544,-50,50,True,False,False
1694,5,plague,0,0,0,0,False,False,False
1694,6,buried,487,488,-1,1,True,False,True
1694,6,plague,0,0,0,0,False,False,True
1694,7,buried,451,462,-11,11,True,False,True
1694,7,plague,0,0,0,0,False,False,True
1694,8,buried,400,406,-6,6,True,False,True
1694,8,plague,0,0,0,0,False,False,True
1694,9,buried,419,423,-4,4,True,False,True
1694,9,plague,0,0,0,0,False,False,True
1694,10,buried,407,407,0,0,False,False,False
1694,10,plague,0,0,0,0,False,False,False
1694,11,buried,389,393,-4,4,True,False,True
1694,11,plague,0,0,0,0,False,False,True
1694,12,buried,417,417,0,0,False,False,False
1694,12,plague,0,0,0,0,False,False,False
1694,15,buried,439,439,0,0,False,False,True
1694,15,plague,0,0,0,0,False,False,True
1694,16,buried,430,432,-2,2,True,False,True
1694,16,plague,0,0,0,0,False,False,True
1694,17,buried,430,430,0,0,False,False,True
1694,17,plague,0,0,0,0,False,False,True
1694,18,buried,427,426,1,1,True,False,True
1694,18,plague,0,0,0,0,False,False,True
1694,19,buried,369,369,0,0,False,False,True
1694,19,plague,0,0,0,0,False,False,True
1694,20,buried,413,414,-1,1,True,False,True
1694,20,plague,0,0,0,0,False,False,True
1694,21,buried,395,395,0,0,False,False,True
1694,21,plague,0,0,0,0,False,False,True
1694,22,buried,428,428,0,0,False,False,True
1694,22,plague,0,0,0,0,False,False,True
1694,23,buried,421,424,-3,3,True,False,True
1694,23,plague,0,0,0,0,False,False,True
1694,24,buried,469,469,0,0,False,False,True
1694,24,plague,0,0,0,0,False,False,True
1694,25,buried,434,434,0,0,False,False,True
1694,25,plague,0,0,0,0,False,False,True
1694,26,buried,423,429,-6,6,True,False,True
1694,26,plague,0,0,0,0,False,False,True
1694,27,buried,396,393,3,3,True,False,True
1694,27,plague,0,0,0,0,False,False,True
1694,28,buried,423,423,0,0,False,False,True
1694,28,plague,0,0,0,0,False,False,True
1694,29,buried,453,453,0,0,False,False,True
1694,29,plague,0,0,0,0,False,False,True
1694,30,buried,445,445,0,0,False,False,True
1694,30,plague,0,0,0,0,False,False,True
1694,31,buried,507,507,0,0,False,False,True
1694,31,plague,0,0,0,0,False,False,True
1694,32,buried,987,987,0,0,False,False,True
1694,32,plague,0,0,0,0,False,False,True
1694,33,buried,462,463,-1,1,True,False,True
1694,33,plague,0,0,0,0,False,False,True
1694,34,buried,530,530,0,0,False,False,True
1694,34,plague,0,0,0,0,False,False,True
1694,35,buried,493,586,-93,93,True,False,True
1694,35,plague,0,0,0,0,False,False,True
1694,36,buried,510,510,0,0,False,False,True
1694,36,plague,0,0,0,0,False,False,True
1694,37,buried,502,502,0,0,False,False,False
1694,37,plague,0,0,0,0,False,False,False
1694,38,buried,462,458,4,4,True,False,True
1694,38,plague,0,0,0,0,False,False,True
1694,39,buried,504,506,-2,2,True,False,True
1694,39,plague,0,0,0,0,False,False,True
1694,40,buried,490,499,-9,9,True,False,True
1694,40,plague,0,0,0,0,False,False,True
1694,41,buried,533,531,2,2,True,False,True
1694,41,plague,0,0,0,0,False,False,True
1694,42,buried,553,556,-3,3,True,False,True
1694,42,plague,0,0,0,0,False,False,True
1694,43,buried,552,541,11,11,True,False,False
1694,43,plague,0,0,0,0,False,False,False
1694,44,buried,511,511,0,0,False,False,True
1694,44,plague,0,0,0,0,False,False,True
1694,45,buried,528,540,-12,12,True,False,False
1694,45,plague,0,0,0,0,False,False,False
1694,46,buried,439,448,-9,9,True,False,True
1694,46,plague,0,0,0,0,False,False,True
1694,47,buried,471,478,-7,7,True,False,True
1694,47,plague,0,0,0,0,False,False,True
1694,48,buried,538,538,0,0,False,False,True
1694,48,plague,0,0,0,0,False,False,True
1694,49,buried,450,450,0,0,False,False,True
1694,49,plague,0,0,0,0,False,False,True
1694,50,buried,475,476,-1,1,True,False,True
1694,50,plague,0,0,0,0,False,False,True
1694,51,buried,398,407,-9,9,True,False,True
1694,51,plague,0,0,0,0,False,False,True
1694,52,buried,445,445,0,0,False,False,True
1694,52,plague,0,0,0,0,False,False,True
1695,1,buried,418,418,0,0,False,False,False
1695,1,plague,0,0,0,0,False,False,False
1695,2,buried,464,464,0,0,False,False,True
1695,2,plague,0,0,0,0,False,False,True
1695,3,buried,393,393,0,0,False,False,True
1695,3,plague,0,0,0,0,False,False,True
1695,4,buried,381,381,0,0,False,False,True
1695,4,plague,0,0,0,0,False,False,True
1695,5,buried,378,378,0,0,False,False,True
1695,5,plague,0,0,0,0,False,False,True
1695,6,buried,388,378,10,10,True,False,True
1695,6,plague,0,0,0,0,False,False,True
1695,7,buried,389,388,1,1,True,False,True
1695,7,plague,0,0,0,0,False,False,True
1695,8,buried,398,399,-1,1,True,False,True
1695,8,plague,0,0,0,0,False,False,True
1695,9,buried,363,363,0,0,False,False,True
1695,9,plague,0,0,0,0,False,False,True
1695,10,buried,317,318,-1,1,True,False,True
1695,10,plague,0,0,0,0,False,False,True
1695,11,buried,384,384,0,0,False,False,True
1695,11,plague,0,0,0,0,False,False,True
1695,12,buried,398,397,1,1,True,False,True
1695,12,plague,0,0,0,0,False,False,True
1695,13,buried,864,860,4,4,True,False,True
1695,13,plague,0,0,0,0,False,False,True
1695,14,buried,390,390,0,0,False,False,True
1695,14,plague,0,0,0,0,False,False,True
1695,15,buried,430,430,0,0,False,False,True
1695,15,plague,0,0,0,0,False,False,True
1695,16,buried,433,433,0,0,False,False,True
1695,16,plague,0,0,0,0,False,False,True
1695,17,buried,468,468,0,0,False,False,True
1695,17,plague,0,0,0,0,False,False,True
1695,18,buried,405,409,-4,4,True,False,False
1695,18,plague,0,0,0,0,False,False,False
1695,19,buried,371,371,0,0,False,False,True
1695,19,plague,0,0,0,0,False,False,True
1695,20,buried,367,369,-2,2,True,False,True
1695,20,plague,0,0,0,0,False,False,True
1695,21,buried,358,348,10,10,True,False,True
1695,21,plague,0,0,0,0,False,False,True
1695,22,buried,386,386,0,0,False,False,True
1695,22,plague,0,0,0,0,False,False,True
1695,23,buried,378,382,-4,4,True,False,True
1695,23,plague,0,0,0,0,False,False,True
1695,24,buried,383,383,0,0,False,False,True
1695,24,plague,0,0,0,0,False,False,True
1695,25,buried,350,350,0,0,False,False,True
1695,25,plague,0,0,0,0,False,False,True
1695,26,buried,391,391,0,0,False,False,True
1695,26,plague,0,0,0,0,False,False,True
1695,27,buried,350,350,0,0,False,False,True
1695,27,plague,0,0,0,0,False,False,True
1695,28,buried,351,351,0,0,False,False,True
1695,28,plague,0,0,0,0,False,False,True
1695,29,buried,329,337,-8,8,True,False,True
1695,29,plague,0,0,0,0,False,False,True
1695,30,buried,338,338,0,0,False,False,True
1695,30,plague,0,0,0,0,False,False,True
1695,31,buried,305,305,0,0,False,False,True
1695,31,plague,0,0,0,0,False,False,True
1695,32,buried,286,286,0,0,False,False,True
1695,32,plague,0,0,0,0,False,False,True
1695,33,buried,319,320,-1,1,True,False,True
1695,33,plague,0,0,0,0,False,False,True
1695,34,buried,326,326,0,0,False,False,True
1695,34,plague,0,0,0,0,False,False,True
1695,35,buried,305,305,0,0,False,False,True
1695,35,plague,0,0,0,0,False,False,True
1695,36,buried,300,300,0,0,False,False,True
1695,36,plague,0,0,0,0,False,False,True
1695,37,buried,304,305,-1,1,True,False,True
1695,37,plague,0,0,0,0,False,False,True
1695,38,buried,325,325,0,0,False,False,False
1695,38,plague,0,0,0,0,False,False,False
1695,39,buried,310,310,0,0,False,False,False
1695,39,plague,0,0,0,0,False,False,False
1695,40,buried,272,272,0,0,False,False,False
1695,40,plague,0,0,0,0,False,False,False
1695,41,buried,274,274,0,0,False,False,False
1695,41,plague,0,0,0,0,False,False,False
1695,42,buried,328,328,0,0,False,False,True
1695,42,plague,0,0,0,0,False,False,True
1695,43,buried,293,293,0,0,False,False,True
1695,43,plague,0,0,0,0,False,False,True
1695,44,buried,279,279,0,0,False,False,True
1695,44,plague,0,0,0,0,False,False,True
1695,45,buried,302,302,0,0,False,False,True
1695,45,plague,0,0,0,0,False,False,True
1695,46,buried,313,313,0,0,False,False,False
1695,46,plague,0,0,0,0,False,False,False
1695,47,buried,329,329,0,0,False,False,True
1695,47,plague,0,0,0,0,False,False,True
1695,48,buried,332,332,0,0,False,False,True
1695,48,plague,0,0,0,0,False,False,True
1695,49,buried,371,372,-1,1,True,False,False
1695,49,plague,0,0,0,0,False,False,False
1695,50,buried,329,329,0,0,False,False,True
1695,50,plague,0,0,0,0,False,False,True
1695,51,buried,330,330,0,0,False,False,False
1695,51,plague,0,0,0,0,False,False,False
1695,52,buried,327,327,0,0,False,False,True
1695,52,plague,0,0,0,0,False,False,True
1696,1,buried,406,406,0,0,False,False,True
1696,1,plague,0,0,0,0,False,False,True
1696,2,buried,405,405,0,0,False,False,True
1696,2,plague,0,0,0,0,False,False,True
1696,3,buried,369,375,-6,6,True,False,True
1696,3,plague,0,0,0,0,False,False,True
1696,4,buried,399,410,-11,11,True,False,True
1696,4,plague,0,0,0,0,False,False,True
1696,5,buried,424,424,0,0,False,False,True
1696,5,plague,0,0,0,0,False,False,True
1696,6,buried,434,434,0,0,False,False,True
1696,6,plague,0,0,0,0,False,False,True
1696,7,buried,497,502,-5,5,True,False,True
1696,7,plague,0,0,0,0,False,False,True
1696,8,buried,496,496,0,0,False,False,True
1696,8,plague,0,0,0,0,False,False,True
1696,9,buried,538,538,0,0,False,False,False
1696,9,plague,0,0,0,0,False,False,False
1696,10,buried,537,537,0,0,False,False,True
1696,10,plague,0,0,0,0,False,False,True
1696,11,buried,502,502,0,0,False,False,True
1696,11,plague,0,0,0,0,False,False,True
1696,12,buried,417,417,0,0,False,False,True
1696,12,plague,0,0,0,0,False,False,True
1696,13,buried,457,457,0,0,False,False,False
1696,13,plague,0,0,0,0,False,False,False
1696,14,buried,470,470,0,0,False,False,True
1696,14,plague,0,0,0,0,False,False,True
1696,15,buried,428,428,0,0,False,False,False
1696,15,plague,0,0,0,0,False,False,False
1696,16,buried,434,434,0,0,False,False,True
1696,16,plague,0,0,0,0,False,False,True
1696,17,buried,381,381,0,0,False,False,True
1696,17,plague,0,0,0,0,False,False,True
1696,18,buried,413,413,0,0,False,False,True
1696,18,plague,0,0,0,0,False,False,True
1696,19,buried,374,373,1,1,True,False,True
1696,19,plague,0,0,0,0,False,False,True
1696,20,buried,358,360,-2,2,True,False,False
1696,20,plague,0,0,0,0,False,False,False
1696,21,buried,346,344,2,2,True,False,False
1696,21,plague,0,0,0,0,False,False,False
1696,22,buried,339,343,-4,4,True,False,True
1696,22,plague,0,0,0,0,False,False,True
1696,23,buried,376,379,-3,3,True,False,False
1696,23,plague,0,0,0,0,False,False,False
1696,24,buried,355,355,0,0,False,False,True
1696,24,plague,0,0,0,0,False,False,True
1696,25,buried,328,329,-1,1,True,False,True
1696,25,plague,0,0,0,0,False,False,True
1696,26,buried,295,295,0,0,False,False,True
1696,26,plague,0,0,0,0,False,False,True
1696,27,buried,310,310,0,0,False,False,True
1696,27,plague,0,0,0,0,False,False,True
1696,28,buried,281,272,9,9,True,False,True
1696,28,plague,0,0,0,0,False,False,True
1696,29,buried,337,337,0,0,False,False,True
1696,29,plague,0,0,0,0,False,False,True
1696,30,buried,328,329,-1,1,True,False,True
1696,30,plague,0,0,0,0,False,False,True
1696,31,buried,315,315,0,0,False,False,False
1696,31,plague,0,0,0,0,False,False,False
1696,32,buried,325,326,-1,1,True,False,True
1696,32,plague,0,0,0,0,False,False,True
1696,33,buried,327,327,0,0,False,False,False
1696,33,plague,0,0,0,0,False,False,False
1696,34,buried,354,363,-9,9,True,False,False
1696,34,plague,0,0,0,0,False,False,False
1696,35,buried,355,355,0,0,False,False,True
1696,35,plague,0,0,0,0,False,False,True
1696,36,buried,352,368,-16,16,True,False,True
1696,36,plague,0,0,0,0,False,False,True
1696,37,buried,394,392,2,2,True,False,True
1696,37,plague,0,0,0,0,False,False,True
1696,38,buried,391,391,0,0,False,False,True
1696,38,plague,0,0,0,0,False,False,True
1696,39,buried,353,353,0,0,False,False,True
1696,39,plague,0,0,0,0,False,False,True
1696,40,buried,332,331,1,1,True,False,True
1696,40,plague,0,0,0,0,False,False,True
1696,41,buried,331,332,-1,1,True,False,True
1696,41,plague,0,0,0,0,False,False,True
1696,42,buried,351,351,0,0,False,False,True
1696,42,plague,0,0,0,0,False,False,True
1696,43,buried,317,317,0,0,False,False,False
1696,43,plague,0,0,0,0,False,False,False
1696,44,buried,298,298,0,0,False,False,True
1696,44,plague,0,0,0,0,False,False,True
1696,45,buried,300,300,0,0,False,False,True
1696,45,plague,0,0,0,0,False,False,True
1696,46,buried,275,275,0,0,False,False,True
1696,46,plague,0,0,0,0,False,False,True
1696,47,buried,282,282,0,0,False,False,False
1696,47,plague,0,0,0,0,False,False,False
1696,48,buried,328,328,0,0,False,False,True
1696,48,plague,0,0,0,0,False,False,True
1696,49,buried,330,330,0,0,False,False,True
1696,49,plague,0,0,0,0,False,False,True
1696,50,buried,305,305,0,0,False,False,True
1696,50,plague,0,0,0,0,False,False,True
1696,51,buried,368,368,0,0,False,False,True
1696,51,plague,0,0,0,0,False,False,True
1696,52,buried,406,406,0,0,False,False,True
1696,52,plague,0,0,0,0,False,False,True
1697,1,buried,460,460,0,0,False,False,False
1697,1,plague,0,0,0,0,False,False,False
1697,2,buried,406,406,0,0,False,False,True
1697,2,plague,0,0,0,0,False,False,True
1697,3,buried,346,346,0,0,False,False,False
1697,3,plague,0,0,0,0,False,False,False
1697,4,buried,385,395,-10,10,True,False,False
1697,4,plague,0,0,0,0,False,False,False
1697,5,buried,411,411,0,0,False,False,True
1697,5,plague,0,0,0,0,False,False,True
1697,6,buried,435,435,0,0,False,False,True
1697,6,plague,0,0,0,0,False,False,True
1697,7,buried,428,428,0,0,False,False,True
1697,7,plague,0,0,0,0,False,False,True
1697,8,buried,397,396,1,1,True,False,True
1697,8,plague,0,0,0,0,False,False,True
1697,9,buried,391,391,0,0,False,False,False
1697,9,plague,0,0,0,0,False,False,False
1697,10,buried,412,412,0,0,False,False,True
1697,10,plague,0,0,0,0,False,False,True
1697,11,buried,415,415,0,0,False,False,True
1697,11,plague,0,0,0,0,False,False,True
1697,12,buried,390,383,7,7,True,False,False
1697,12,plague,0,0,0,0,False,False,False
1697,13,buried,425,425,0,0,False,False,True
1697,13,plague,0,0,0,0,False,False,True
1697,14,buried,428,428,0,0,False,False,True
1697,14,plague,0,0,0,0,False,False,True
1697,15,buried,457,457,0,0,False,False,True
1697,15,plague,0,0,0,0,False,False,True
1697,16,buried,423,423,0,0,False,False,True
1697,16,plague,0,0,0,0,False,False,True
1697,17,buried,515,515,0,0,False,False,True
1697,17,plague,0,0,0,0,False,False,True
1697,18,buried,420,421,-1,1,True,False,True
1697,18,plague,0,0,0,0,False,False,True
1697,19,buried,424,424,0,0,False,False,True
1697,19,plague,0,0,0,0,False,False,True
1697,20,buried,456,466,-10,10,True,False,True
1697,20,plague,0,0,0,0,False,False,True
1697,21,buried,400,400,0,0,False,False,True
1697,21,plague,0,0,0,0,False,False,True
1697,22,buried,351,351,0,0,False,False,True
1697,22,plague,0,0,0,0,False,False,True
1697,23,buried,349,349,0,0,False,False,True
1697,23,plague,0,0,0,0,False,False,True
1697,24,buried,450,450,0,0,False,False,True
1697,24,plague,0,0,0,0,False,False,True
1697,25,buried,356,356,0,0,False,False,True
1697,25,plague,0,0,0,0,False,False,True
1697,26,buried,378,378,0,0,False,False,True
1697,26,plague,0,0,0,0,False,False,True
1697,27,buried,369,369,0,0,False,False,True
1697,27,plague,0,0,0,0,False,False,True
1697,28,buried,349,349,0,0,False,False,True
1697,28,plague,0,0,0,0,False,False,True
1697,29,buried,339,337,2,2,True,False,False
1697,29,plague,0,0,0,0,False,False,False
1697,30,buried,301,301,0,0,False,False,True
1697,30,plague,0,0,0,0,False,False,True
1697,31,buried,310,310,0,0,False,False,True
1697,31,plague,0,0,0,0,False,False,True
1697,32,buried,334,334,0,0,False,False,True
1697,32,plague,0,0,0,0,False,False,True
1697,33,buried,338,339,-1,1,True,False,True
1697,33,plague,0,0,0,0,False,False,True
1697,34,buried,334,334,0,0,False,False,False
1697,34,plague,0,0,0,0,False,False,False
1697,35,buried,382,382,0,0,False,False,True
1697,35,plague,0,0,0,0,False,False,True
1697,36,buried,346,355,-9,9,True,False,True
1697,36,plague,0,0,0,0,False,False,True
1697,37,buried,358,358,0,0,False,False,True
1697,37,plague,0,0,0,0,False,False,True
1697,38,buried,328,328,0,0,False,False,True
1697,38,plague,0,0,0,0,False,False,True
1697,39,buried,343,344,-1,1,True,False,True
1697,39,plague,0,0,0,0,False,False,True
1697,40,buried,424,424,0,0,False,False,True
1697,40,plague,0,0,0,0,False,False,True
1697,41,buried,397,397,0,0,False,False,True
1697,41,plague,0,0,0,0,False,False,True
1697,42,buried,352,352,0,0,False,False,True
1697,42,plague,0,0,0,0,False,False,True
1697,43,buried,388,388,0,0,False,False,False
1697,43,plague,0,0,0,0,False,False,False
1697,44,buried,344,344,0,0,False,False,True
1697,44,plague,0,0,0,0,False,False,True
1697,45,buried,384,384,0,0,False,False,True
1697,45,plague,0,0,0,0,False,False,True
1697,46,buried,352,352,0,0,False,False,True
1697,46,plague,0,0,0,0,False,False,True
1697,47,buried,354,342,12,12,True,False,True
1697,47,plague,0,0,0,0,False,False,True
1697,48,buried,343,343,0,0,False,False,True
1697,48,plague,0,0,0,0,False,False,True
1697,49,buried,432,433,-1,1,True,False,True
1697,49,plague,0,0,0,0,False,False,True
1697,50,buried,471,469,2,2,True,False,False
1697,50,plague,0,0,0,0,False,False,False
1697,51,buried,443,443,0,0,False,False,True
1697,51,plague,0,0,0,0,False,False,True
1697,52,buried,507,527,-20,20,True,False,True
1697,52,plague,0,0,0,0,False,False,True
1698,1,buried,329,329,0,0,False,False,True
1698,1,plague,0,0,0,0,False,False,True
1698,2,buried,361,362,-1,1,True,False,True
1698,2,plague,0,0,0,0,False,False,True
1698,3,buried,396,397,-1,1,True,False,True
1698,3,plague,0,0,0,0,False,False,True
1698,4,buried,375,375,0,0,False,False,True
1698,4,plague,0,0,0,0,False,False,True
1698,5,buried,401,400,1,1,True,False,True
1698,5,plague,0,0,0,0,False,False,True
1698,6,buried,451,451,0,0,False,False,True
1698,6,plague,0,0,0,0,False,False,True
1698,7,buried,395,394,1,1,True,False,True
1698,7,plague,0,0,0,0,False,False,True
1698,8,buried,389,389,0,0,False,False,True
1698,8,plague,0,0,0,0,False,False,True
1698,9,buried,393,393,0,0,False,False,True
1698,9,plague,0,0,0,0,False,False,True
1698,10,buried,428,428,0,0,False,False,True
1698,10,plague,0,0,0,0,False,False,True
1698,11,buried,445,446,-1,1,True,False,True
1698,11,plague,0,0,0,0,False,False,True
1698,12,buried,473,473,0,0,False,False,True
1698,12,plague,0,0,0,0,False,False,True
1698,13,buried,440,440,0,0,False,False,True
1698,13,plague,0,0,0,0,False,False,True
1698,15,buried,356,356,0,0,False,False,True
1698,15,plague,0,0,0,0,False,False,True
1698,16,buried,387,386,1,1,True,False,True
1698,16,plague,0,0,0,0,False,False,True
1698,17,buried,379,386,-7,7,True,False,False
1698,17,plague,0,0,0,0,False,False,False
1698,18,buried,337,344,-7,7,True,False,True
1698,18,plague,0,0,0,0,False,False,True
1698,19,buried,343,343,0,0,False,False,True
1698,19,plague,0,0,0,0,False,False,True
1698,20,buried,405,405,0,0,False,False,True
1698,20,plague,0,0,0,0,False,False,True
1698,21,buried,421,421,0,0,False,False,True
1698,21,plague,0,0,0,0,False,False,True
1698,22,buried,374,374,0,0,False,False,True
1698,22,plague,0,0,0,0,False,False,True
1698,23,buried,375,375,0,0,False,False,True
1698,23,plague,0,0,0,0,False,False,True
1698,24,buried,374,374,0,0,False,False,True
1698,24,plague,0,0,0,0,False,False,True
1698,26,buried,388,388,0,0,False,False,True
1698,26,plague,0,0,0,0,False,False,True
1698,27,buried,355,355,0,0,False,False,True
1698,27,plague,0,0,0,0,False,False,True
1698,28,buried,392,392,0,0,False,False,True
1698,28,plague,0,0,0,0,False,False,True
1698,29,buried,355,355,0,0,False,False,True
1698,29,plague,0,0,0,0,False,False,True
1698,30,buried,369,369,0,0,False,False,True
1698,30,plague,0,0,0,0,False,False,True
1698,31,buried,384,384,0,0,False,False,True
1698,31,plague,0,0,0,0,False,False,True
1698,32,buried,424,425,-1,1,True,False,True
1698,32,plague,0,0,0,0,False,False,True
1698,33,buried,379,379,0,0,False,False,True
1698,33,plague,0,0,0,0,False,False,True
1698,34,buried,419,419,0,0,False,False,True
1698,34,plague,0,0,0,0,False,False,True
1698,35,buried,322,328,-6,6,True,False,True
1698,35,plague,0,0,0,0,False,False,True
1698,36,buried,403,397,6,6,True,False,True
1698,36,plague,0,0,0,0,False,False,True
1698,37,buried,386,386,0,0,False,False,True
1698,37,plague,0,0,0,0,False,False,True
1698,38,buried,384,384,0,0,False,False,True
1698,38,plague,0,0,0,0,False,False,True
1698,39,buried,364,364,0,0,False,False,True
1698,39,plague,0,0,0,0,False,False,True
1698,40,buried,371,370,1,1,True,False,True
1698,40,plague,0,0,0,0,False,False,True
1698,41,buried,351,351,0,0,False,False,True
1698,41,plague,0,0,0,0,False,False,True
1698,42,buried,315,315,0,0,False,False,True
1698,42,plague,0,0,0,0,False,False,True
1698,43,buried,356,356,0,0,False,False,True
1698,43,plague,0,0,0,0,False,False,True
1698,44,buried,343,343,0,0,False,False,True
1698,44,plague,0,0,0,0,False,False,True
1698,45,buried,343,344,-1,1,True,False,True
1698,45,plague,0,0,0,0,False,False,True
1698,46,buried,358,358,0,0,False,False,True
1698,46,plague,0,0,0,0,False,False,True
1698,47,buried,388,398,-10,10,True,False,True
1698,47,plague,0,0,0,0,False,False,True
1698,48,buried,361,407,-46,46,True,False,False
1698,48,plague,0,0,0,0,False,False,False
1698,49,buried,380,380,0,0,False,False,True
1698,49,plague,0,0,0,0,False,False,True
1698,50,buried,352,351,1,1,True,False,True
1698,50,plague,0,0,0,0,False,False,True
1698,51,buried,347,347,0,0,False,False,True
1698,51,plague,0,0,0,0,False,False,True
1698,53,buried,361,361,0,0,False,False,True
1698,53,plague,0,0,0,0,False,False,True
1699,1,buried,296,296,0,0,False,False,True
1699,1,plague,0,0,0,0,False,False,True
1699,2,buried,379,379,0,0,False,False,True
1699,2,plague,0,0,0,0,False,False,True
1699,3,buried,341,341,0,0,False,False,True
1699,3,plague,0,0,0,0,False,False,True
1699,4,buried,362,362,0,0,False,False,True
1699,4,plague,0,0,0,0,False,False,True
1699,5,buried,361,361,0,0,False,False,True
1699,5,plague,0,0,0,0,False,False,True
1699,6,buried,335,335,0,0,False,False,True
1699,6,plague,0,0,0,0,False,False,True
1699,7,buried,348,348,0,0,False,False,True
1699,7,plague,0,0,0,0,False,False,True
1699,8,buried,349,349,0,0,False,False,True
1699,8,plague,0,0,0,0,False,False,True
1699,9,buried,390,390,0,0,False,False,True
1699,9,plague,0,0,0,0,False,False,True
1699,10,buried,383,383,0,0,False,False,True
1699,10,plague,0,0,0,0,False,False,True
1699,11,buried,399,399,0,0,False,False,True
1699,11,plague,0,0,0,0,False,False,True
1699,12,buried,388,388,0,0,False,False,False
1699,12,plague,0,0,0,0,False,False,False
1699,13,buried,401,401,0,0,False,False,True
1699,13,plague,0,0,0,0,False,False,True
1699,14,buried,455,455,0,0,False,False,True
1699,14,plague,0,0,0,0,False,False,True
1699,15,buried,393,393,0,0,False,False,True
1699,15,plague,0,0,0,0,False,False,True
1699,16,buried,419,419,0,0,False,False,True
1699,16,plague,0,0,0,0,False,False,True
1699,17,buried,488,488,0,0,False,False,True
1699,17,plague,0,0,0,0,False,False,True
1699,18,buried,398,398,0,0,False,False,True
1699,18,plague,0,0,0,0,False,False,True
1699,19,buried,424,424,0,0,False,False,True
1699,19,plague,0,0,0,0,False,False,True
1699,20,buried,430,430,0,0,False,False,True
1699,20,plague,0,0,0,0,False,False,True
1699,21,buried,414,414,0,0,False,False,True
1699,21,plague,0,0,0,0,False,False,True
1699,22,buried,401,401,0,0,False,False,True
1699,22,plague,0,0,0,0,False,False,True
1699,23,buried,375,374,1,1,True,False,True
1699,23,plague,0,0,0,0,False,False,True
1699,24,buried,402,402,0,0,False,False,True
1699,24,plague,0,0,0,0,False,False,True
1699,25,buried,356,356,0,0,False,False,True
1699,25,plague,0,0,0,0,False,False,True
1699,26,buried,314,324,-10,10,True,False,True
1699,26,plague,0,0,0,0,False,False,True
1699,27,buried,329,329,0,0,False,False,True
1699,27,plague,0,0,0,0,False,False,True
1699,28,buried,371,370,1,1,True,False,True
1699,28,plague,0,0,0,0,False,False,True
1699,29,buried,342,342,0,0,False,False,True
1699,29,plague,0,0,0,0,False,False,True
1699,30,buried,449,447,2,2,True,False,True
1699,30,plague,0,0,0,0,False,False,True
1699,31,buried,393,393,0,0,False,False,True
1699,31,plague,0,0,0,0,False,False,True
1699,32,buried,470,470,0,0,False,False,True
1699,32,plague,0,0,0,0,False,False,True
1699,33,buried,480,480,0,0,False,False,True
1699,33,plague,0,0,0,0,False,False,True
1699,34,buried,436,436,0,0,False,False,True
1699,34,plague,0,0,0,0,False,False,True
1699,35,buried,465,474,-9,9,True,False,True
1699,35,plague,0,0,0,0,False,False,True
1699,36,buried,433,433,0,0,False,False,True
1699,36,plague,0,0,0,0,False,False,True
1699,37,buried,390,400,-10,10,True,False,False
1699,37,plague,0,0,0,0,False,False,False
1699,38,buried,449,449,0,0,False,False,True
1699,38,plague,0,0,0,0,False,False,True
1699,39,buried,439,439,0,0,False,False,True
1699,39,plague,0,0,0,0,False,False,True
1699,40,buried,424,424,0,0,False,False,True
1699,40,plague,0,0,0,0,False,False,True
1699,41,buried,417,417,0,0,False,False,True
1699,41,plague,0,0,0,0,False,False,True
1699,42,buried,399,399,0,0,False,False,True
1699,42,plague,0,0,0,0,False,False,True
1699,43,buried,385,394,-9,9,True,False,True
1699,43,plague,0,0,0,0,False,False,True
1699,44,buried,386,386,0,0,False,False,True
1699,44,plague,0,0,0,0,False,False,True
1699,45,buried,394,394,0,0,False,False,True
1699,45,plague,0,0,0,0,False,False,True
1699,46,buried,367,367,0,0,False,False,True
1699,46,plague,0,0,0,0,False,False,True
1699,47,buried,374,374,0,0,False,False,True
1699,47,plague,0,0,0,0,False,False,True
1699,48,buried,352,352,0,0,False,False,True
1699,48,plague,0,0,0,0,False,False,True
1699,49,buried,412,398,14,14,True,False,True
1699,49,plague,0,0,0,0,False,False,True
1699,50,buried,377,377,0,0,False,False,True
1699,50,plague,0,0,0,0,False,False,True
1699,51,buried,354,354,0,0,False,False,True
1699,51,plague,0,0,0,0,False,False,True
1700,14,buried,420,420,0,0,False,False,True
1700,14,plague,0,0,0,0,False,False,True
1700,15,buried,360,350,10,10,True,False,True
1700,15,plague,0,0,0,0,False,False,True
1700,16,buried,364,364,0,0,False,False,True
1700,16,plague,0,0,0,0,False,False,True
1700,17,buried,390,390,0,0,False,False,True
1700,17,plague,0,0,0,0,False,False,True
1700,18,buried,358,358,0,0,False,False,True
1700,18,plague,0,0,0,0,False,False,True
1700,19,buried,380,380,0,0,False,False,True
1700,19,plague,0,0,0,0,False,False,True
1700,20,buried,401,400,1,1,True,False,True
1700,20,plague,0,0,0,0,False,False,True
1700,22,buried,330,330,0,0,False,False,True
1700,22,plague,0,0,0,0,False,False,True
1700,23,buried,339,339,0,0,False,False,False
1700,23,plague,0,0,0,0,False,False,False
1700,24,buried,378,378,0,0,False,False,True
1700,24,plague,0,0,0,0,False,False,True
1700,25,buried,375,375,0,0,False,False,False
1700,25,plague,0,0,0,0,False,False,False
1700,26,buried,336,336,0,0,False,False,True
1700,26,plague,0,0,0,0,False,False,True
1700,27,buried,372,318,54,54,True,False,False
1700,27,plague,0,0,0,0,False,False,False
1700,29,buried,313,309,4,4,True,False,True
1700,29,plague,0,0,0,0,False,False,True
1700,31,buried,294,294,0,0,False,False,True
1700,31,plague,0,0,0,0,False,False,True
1700,32,buried,344,344,0,0,False,False,True
1700,32,plague,0,0,0,0,False,False,True
1700,33,buried,368,368,0,0,False,False,True
1700,33,plague,0,0,0,0,False,False,True
1700,34,buried,373,373,0,0,False,False,True
1700,34,plague,0,0,0,0,False,False,True
1700,35,buried,388,388,0,0,False,False,True
1700,35,plague,0,0,0,0,False,False,True
1700,36,buried,438,443,-5,5,True,False,False
1700,36,plague,0,0,0,0,False,False,False
1700,37,buried,414,409,5,5,True,False,False
1700,37,plague,0,0,0,0,False,False,False
1700,38,buried,446,446,0,0,False,False,True
1700,38,plague,0,0,0,0,False,False,True
1700,39,buried,417,417,0,0,False,False,True
1700,39,plague,0,0,0,0,False,False,True
1700,40,buried,411,410,1,1,True,False,False
1700,40,plague,0,0,0,0,False,False,False
1700,41,buried,395,395,0,0,False,False,True
1700,41,plague,0,0,0,0,False,False,True
1700,42,buried,385,375,10,10,True,False,False
1700,42,plague,0,0,0,0,False,False,False
1700,43,buried,385,384,1,1,True,False,True
1700,43,plague,0,0,0,0,False,False,True
1700,44,buried,399,399,0,0,False,False,True
1700,44,plague,0,0,0,0,False,False,True
1700,45,buried,386,386,0,0,False,False,True
1700,45,plague,0,0,0,0,False,False,True
1700,46,buried,377,379,-2,2,True,False,True
1700,46,plague,0,0,0,0,False,False,True
1700,47,buried,381,381,0,0,False,False,False
1700,47,plague,0,0,0,0,False,False,False
1700,48,buried,408,408,0,0,False,False,True
1700,48,plague,0,0,0,0,False,False,True
1700,49,buried,396,395,1,1,True,False,False
1700,49,plague,0,0,0,0,False,False,False
1700,50,buried,406,405,1,1,True,False,True
1700,50,plague,0,0,0,0,False,False,True
1700,51,buried,370,370,0,0,False,False,True
1700,51,plague,0,0,0,0,False,False,True
1700,52,buried,424,434,-10,10,True,False,False
1700,52,plague,0,0,0,0,False,False,False
1701,8,buried,350,339,11,11,True,False,False
1701,9,buried,374,374,0,0,False,False,True
1701,10,buried,355,355,0,0,False,False,True
1701,11,buried,430,430,0,0,False,False,True
1701,12,buried,435,435,0,0,False,False,False
1701,13,buried,387,374,13,13,True,False,False
1701,14,buried,821,824,-3,3,True,False,True
1701,15,buried,440,430,10,10,True,False,True
1701,16,buried,411,411,0,0,False,False,False
1701,17,buried,392,392,0,0,False,False,False
1701,18,buried,450,450,0,0,False,False,True
1701,19,buried,430,430,0,0,False,False,True
1701,20,buried,430,430,0,0,False,False,True
1701,21,buried,459,459,0,0,False,False,True
1701,22,buried,416,416,0,0,False,False,True
1701,23,buried,404,404,0,0,False,False,True
1701,24,buried,400,400,0,0,False,False,False
1701,25,buried,327,327,0,0,False,False,False
1701,26,buried,363,352,11,11,True,False,True
1701,27,buried,338,338,0,0,False,False,False
1701,28,buried,398,396,2,2,True,False,False
1701,29,buried,371,371,0,0,False,False,True
1701,30,buried,364,364,0,0,False,False,True
1701,31,buried,439,439,0,0,False,False,True
1701,32,buried,401,401,0,0,False,False,True
1701,33,buried,371,355,16,16,True,False,True
1701,34,buried,411,411,0,0,False,False,True
1701,35,buried,397,399,-2,2,True,False,True
1701,36,buried,414,412,2,2,True,False,True
1701,37,buried,450,450,0,0,False,False,True
1701,38,buried,394,394,0,0,False,False,True
1701,39,buried,377,377,0,0,False,False,True
1701,40,buried,369,369,0,0,False,False,False
1701,41,buried,362,363,-1,1,True,False,True
1701,42,buried,345,345,0,0,False,False,True
1701,43,buried,375,375,0,0,False,False,True
1701,44,buried,312,312,0,0,False,False,True
1701,45,buried,402,402,0,0,False,False,True
1701,46,buried,337,337,0,0,False,False,True
1701,47,buried,420,413,7,7,True,False,True
1701,48,buried,399,398,1,1,True,False,True
1701,49,buried,357,357,0,0,False,False,True
1701,50,buried,316,314,2,2,True,False,False
1701,51,buried,320,320,0,0,False,False,False
1701,52,buried,343,343,0,0,False,False,False
1702,1,buried,413,413,0,0,False,False,True
1702,2,buried,386,386,0,0,False,False,False
1702,3,buried,395,395,0,0,False,False,True
1702,4,buried,432,436,-4,4,True,False,False
1702,5,buried,475,475,0,0,False,False,False
1702,6,buried,527,527,0,0,False,False,True
1702,7,buried,480,480,0,0,False,False,False
1702,8,buried,551,521,30,30,True,False,False
1702,9,buried,498,496,2,2,True,False,False
1702,10,buried,532,533,-1,1,True,False,True
1702,11,buried,428,428,0,0,False,False,True
1702,12,buried,443,443,0,0,False,False,False
1702,13,buried,419,419,0,0,False,False,False
1702,14,buried,442,442,0,0,False,False,True
1702,15,buried,360,359,1,1,True,False,False
1702,16,buried,344,344,0,0,False,False,False
1702,17,buried,372,372,0,0,False,False,True
1702,18,buried,388,387,1,1,True,False,False
1702,19,buried,352,352,0,0,False,False,True
1702,20,buried,381,381,0,0,False,False,True
1702,21,buried,385,385,0,0,False,False,False
1702,22,buried,366,366,0,0,False,False,True
1702,23,buried,361,361,0,0,False,False,True
1702,24,buried,356,345,11,11,True,False,False
1702,25,buried,338,338,0,0,False,False,False
1702,26,buried,299,299,0,0,False,False,False
1702,27,buried,311,311,0,0,False,False,True
1702,28,buried,288,288,0,0,False,False,True
1702,29,buried,296,296,0,0,False,False,True
1702,30,buried,328,328,0,0,False,False,False
1702,31,buried,308,308,0,0,False,False,True
1702,32,buried,354,354,0,0,False,False,True
1702,33,buried,408,408,0,0,False,False,False
1702,34,buried,414,414,0,0,False,False,True
1702,35,buried,370,370,0,0,False,False,True
1702,36,buried,448,448,0,0,False,False,False
1702,37,buried,460,460,0,0,False,False,True
1702,38,buried,476,476,0,0,False,False,True
1702,39,buried,462,462,0,0,False,False,True
1702,40,buried,426,426,0,0,False,False,False
1702,41,buried,407,407,0,0,False,False,True
1702,42,buried,361,361,0,0,False,False,True
1702,43,buried,370,370,0,0,False,False,True
1702,44,buried,392,392,0,0,False,False,True
1702,45,buried,391,391,0,0,False,False,True
1702,46,buried,371,371,0,0,False,False,False
1702,47,buried,378,380,-2,2,True,False,True
1702,48,buried,367,367,0,0,False,False,False
1702,49,buried,381,381,0,0,False,False,True
1702,50,buried,402,381,21,21,True,False,False
1702,51,buried,360,360,0,0,False,False,False
1702,52,buried,408,408,0,0,False,False,True
1703,1,buried,390,390,0,0,False,False,True
1703,2,buried,454,454,0,0,False,False,True
1703,3,buried,511,511,0,0,False,False,True
1703,4,buried,476,476,0,0,False,False,True
1703,5,buried,574,574,0,0,False,False,True
1703,6,buried,486,486,0,0,False,False,True
1703,7,buried,462,462,0,0,False,False,True
1703,8,buried,446,446,0,0,False,False,True
1703,9,buried,443,443,0,0,False,False,True
1703,10,buried,486,486,0,0,False,False,True
1703,11,buried,476,476,0,0,False,False,True
1703,12,buried,466,466,0,0,False,False,True
1703,13,buried,477,477,0,0,False,False,True
1703,14,buried,460,460,0,0,False,False,True
1703,15,buried,420,420,0,0,False,False,False
1703,16,buried,448,445,3,3,True,False,False
1703,17,buried,415,416,-1,1,True,False,False
1703,18,buried,373,373,0,0,False,False,True
1703,19,buried,409,409,0,0,False,False,True
1703,20,buried,349,349,0,0,False,False,False
1703,21,buried,369,369,0,0,False,False,False
1703,22,buried,367,367,0,0,False,False,False
1703,23,buried,371,370,1,1,True,False,True
1703,24,buried,367,367,0,0,False,False,True
1703,25,buried,346,346,0,0,False,False,False
1703,26,buried,316,316,0,0,False,False,True
1703,27,buried,310,310,0,0,False,False,True
1703,28,buried,288,288,0,0,False,False,False
1703,29,buried,317,317,0,0,False,False,True
1703,30,buried,305,305,0,0,False,False,True
1703,31,buried,322,322,0,0,False,False,True
1703,32,buried,330,330,0,0,False,False,True
1703,33,buried,338,329,9,9,True,False,True
1703,34,buried,339,339,0,0,False,False,True
1703,35,buried,398,398,0,0,False,False,True
1703,36,buried,477,477,0,0,False,False,False
1703,37,buried,459,458,1,1,True,False,False
1703,38,buried,461,457,4,4,True,False,False
1703,39,buried,497,497,0,0,False,False,True
1703,40,buried,394,394,0,0,False,False,True
1703,41,buried,373,373,0,0,False,False,True
1703,42,buried,361,361,0,0,False,False,True
1703,43,buried,357,357,0,0,False,False,True
1703,44,buried,402,402,0,0,False,False,False
1703,45,buried,344,344,0,0,False,False,True
1703,46,buried,366,366,0,0,False,False,True
1703,47,buried,364,364,0,0,False,False,False
1703,48,buried,435,435,0,0,False,False,True
1703,49,buried,381,381,0,0,False,False,True
1703,50,buried,355,355,0,0,False,False,True
1703,51,buried,394,394,0,0,False,False,False
1703,52,buried,381,381,0,0,False,False,True
1704,1,buried,403,393,10,10,True,False,True
1704,2,buried,415,412,3,3,True,False,True
1704,3,buried,423,423,0,0,False,False,True
1704,4,buried,510,519,-9,9,True,False,True
1704,5,buried,577,577,0,0,False,False,True
1704,6,buried,706,705,1,1,True,False,True
1704,7,buried,643,643,0,0,False,False,True
1704,8,buried,563,563,0,0,False,False,True
1704,9,buried,417,417,0,0,False,False,True
1704,10,buried,388,388,0,0,False,False,True
1704,11,buried,344,344,0,0,False,False,True
1704,12,buried,393,393,0,0,False,False,True
1704,13,buried,371,371,0,0,False,False,True
1704,15,buried,448,448,0,0,False,False,True
1704,16,buried,405,405,0,0,False,False,True
1704,17,buried,423,423,0,0,False,False,True
1704,18,buried,481,481,0,0,False,False,True
1704,19,buried,385,385,0,0,False,False,True
1704,20,buried,390,390,0,0,False,False,True
1704,21,buried,400,400,0,0,False,False,False
1704,22,buried,410,410,0,0,False,False,True
1704,23,buried,347,347,0,0,False,False,True
1704,24,buried,398,398,0,0,False,False,True
1704,25,buried,362,362,0,0,False,False,True
1704,26,buried,324,324,0,0,False,False,True
1704,27,buried,350,350,0,0,False,False,True
1704,28,buried,357,357,0,0,False,False,True
1704,29,buried,326,326,0,0,False,False,True
1704,30,buried,381,381,0,0,False,False,True
1704,31,buried,486,486,0,0,False,False,True
1704,32,buried,456,456,0,0,False,False,True
1704,33,buried,483,483,0,0,False,False,True
1704,34,buried,444,443,1,1,True,False,True
1704,35,buried,488,488,0,0,False,False,True
1704,36,buried,611,611,0,0,False,False,True
1704,37,buried,518,518,0,0,False,False,True
1704,38,buried,517,518,-1,1,True,False,True
1704,39,buried,484,484,0,0,False,False,True
1704,40,buried,457,457,0,0,False,False,True
1704,41,buried,430,451,-21,21,True,False,True
1704,42,buried,350,350,0,0,False,False,True
1704,43,buried,378,378,0,0,False,False,True
1704,44,buried,365,376,-11,11,True,False,True
1704,45,buried,359,356,3,3,True,False,True
1704,46,buried,384,384,0,0,False,False,True
1704,47,buried,381,381,0,0,False,False,True
1704,48,buried,356,356,0,0,False,False,True
1704,49,buried,348,388,-40,40,True,False,True
1704,50,buried,340,340,0,0,False,False,True
1704,51,buried,349,349,0,0,False,False,False
1704,52,buried,417,418,-1,1,True,False,True
1705,1,buried,350,350,0,0,False,False,True
1705,2,buried,438,438,0,0,False,False,True
1705,3,buried,416,416,0,0,False,False,True
1705,4,buried,492,492,0,0,False,False,True
1705,5,buried,434,434,0,0,False,False,True
1705,6,buried,479,479,0,0,False,False,True
1705,7,buried,488,488,0,0,False,False,True
1705,8,buried,448,448,0,0,False,False,True
1705,9,buried,477,477,0,0,False,False,True
1705,10,buried,441,441,0,0,False,False,True
1705,11,buried,430,430,0,0,False,False,True
1705,12,buried,433,433,0,0,False,False,True
1705,13,buried,384,384,0,0,False,False,True
1705,14,buried,359,361,-2,2,True,False,True
1705,15,buried,414,405,9,9,True,False,True
1705,16,buried,378,377,1,1,True,False,True
1705,17,buried,362,362,0,0,False,False,True
1705,18,buried,366,365,1,1,True,False,True
1705,19,buried,349,349,0,0,False,False,True
1705,20,buried,352,352,0,0,False,False,True
1705,21,buried,377,343,34,34,True,False,True
1705,22,buried,317,316,1,1,True,False,False
1705,23,buried,306,306,0,0,False,False,False
1705,24,buried,369,368,1,1,True,False,True
1705,25,buried,410,410,0,0,False,False,True
1705,26,buried,372,372,0,0,False,False,True
1705,27,buried,353,352,1,1,True,False,True
1705,28,buried,340,340,0,0,False,False,True
1705,29,buried,347,347,0,0,False,False,True
1705,30,buried,335,335,0,0,False,False,True
1705,31,buried,304,304,0,0,False,False,True
1705,32,buried,395,395,0,0,False,False,True
1705,33,buried,473,476,-3,3,True,False,True
1705,34,buried,531,531,0,0,False,False,False
1705,35,buried,538,537,1,1,True,False,True
1705,36,buried,462,464,-2,2,True,False,True
1705,37,buried,545,535,10,10,True,False,True
1705,38,buried,408,408,0,0,False,False,True
1705,39,buried,431,431,0,0,False,False,True
1705,40,buried,440,440,0,0,False,False,True
1705,41,buried,420,420,0,0,False,False,True
1705,42,buried,454,454,0,0,False,False,False
1705,43,buried,431,431,0,0,False,False,True
1705,44,buried,415,415,0,0,False,False,True
1705,45,buried,393,393,0,0,False,False,True
1705,46,buried,426,426,0,0,False,False,False
1705,47,buried,479,479,0,0,False,False,True
1705,48,buried,437,436,1,1,True,False,True
1705,49,buried,478,478,0,0,False,False,True
1705,50,buried,465,465,0,0,False,False,True
1705,51,buried,436,436,0,0,False,False,True
1705,52,buried,511,531,-20,20,True,False,True
1706,1,buried,415,414,1,1,True,False,True
1706,2,buried,339,339,0,0,False,False,True
1706,3,buried,388,388,0,0,False,False,True
1706,4,buried,400,400,0,0,False,False,True
1706,5,buried,402,402,0,0,False,False,True
1706,6,buried,445,444,1,1,True,False,True
1706,7,buried,461,461,0,0,False,False,True
1706,8,buried,431,431,0,0,False,False,True
1706,9,buried,378,378,0,0,False,False,True
1706,10,buried,362,362,0,0,False,False,True
1706,11,buried,402,400,2,2,True,False,True
1706,12,buried,424,424,0,0,False,False,True
1706,13,buried,460,460,0,0,False,False,True
1706,14,buried,838,838,0,0,False,False,True
1706,15,buried,405,405,0,0,False,False,True
1706,16,buried,371,371,0,0,False,False,True
1706,17,buried,374,374,0,0,False,False,True
1706,18,buried,377,377,0,0,False,False,True
1706,19,buried,373,373,0,0,False,False,True
1706,20,buried,365,363,2,2,True,False,True
1706,21,buried,371,371,0,0,False,False,True
1706,22,buried,384,384,0,0,False,False,True
1706,23,buried,367,367,0,0,False,False,True
1706,24,buried,324,324,0,0,False,False,True
1706,25,buried,366,366,0,0,False,False,True
1706,26,buried,323,323,0,0,False,False,True
1706,27,buried,362,346,16,16,True,False,False
1706,28,buried,344,344,0,0,False,False,True
1706,29,buried,329,329,0,0,False,False,False
1706,30,buried,342,342,0,0,False,False,True
1706,31,buried,369,369,0,0,False,False,True
1706,32,buried,420,420,0,0,False,False,True
1706,33,buried,459,459,0,0,False,False,True
1706,34,buried,477,477,0,0,False,False,True
1706,35,buried,495,495,0,0,False,False,True
1706,36,buried,427,427,0,0,False,False,True
1706,37,buried,462,462,0,0,False,False,True
1706,38,buried,396,396,0,0,False,False,True
1706,39,buried,362,362,0,0,False,False,True
1706,40,buried,355,355,0,0,False,False,True
1706,41,buried,328,328,0,0,False,False,True
1706,42,buried,322,322,0,0,False,False,False
1706,43,buried,331,331,0,0,False,False,True
1706,44,buried,299,299,0,0,False,False,True
1706,45,buried,297,297,0,0,False,False,True
1706,46,buried,324,322,2,2,True,False,True
1706,47,buried,341,341,0,0,False,False,True
1706,48,buried,357,357,0,0,False,False,True
1706,49,buried,391,391,0,0,False,False,True
1706,50,buried,345,345,0,0,False,False,True
1706,51,buried,397,397,0,0,False,False,False
1707,1,buried,427,427,0,0,False,False,True
1707,2,buried,469,469,0,0,False,False,True
1707,3,buried,363,362,1,1,True,False,True
1707,4,buried,403,403,0,0,False,False,True
1707,5,buried,428,428,0,0,False,False,True
1707,6,buried,347,347,0,0,False,False,True
1707,7,buried,417,414,3,3,True,False,True
1707,8,buried,504,503,1,1,True,False,True
1707,9,buried,532,532,0,0,False,False,True
1707,10,buried,489,489,0,0,False,False,True
1707,11,buried,458,458,0,0,False,False,True
1707,12,buried,452,458,-6,6,True,False,True
1707,13,buried,447,447,0,0,False,False,True
1707,14,buried,486,482,4,4,True,False,True
1707,15,buried,419,419,0,0,False,False,True
1707,16,buried,424,424,0,0,False,False,True
1707,17,buried,393,393,0,0,False,False,True
1707,18,buried,365,365,0,0,False,False,True
1707,19,buried,426,426,0,0,False,False,True
1707,20,buried,396,396,0,0,False,False,False
1707,21,buried,414,414,0,0,False,False,True
1707,22,buried,422,422,0,0,False,False,True
1707,23,buried,403,403,0,0,False,False,True
1707,24,buried,375,375,0,0,False,False,True
1707,25,buried,325,325,0,0,False,False,True
1707,26,buried,381,381,0,0,False,False,True
1707,27,buried,353,353,0,0,False,False,True
1707,28,buried,346,346,0,0,False,False,True
1707,29,buried,357,357,0,0,False,False,True
1707,30,buried,315,315,0,0,False,False,True
1707,31,buried,445,445,0,0,False,False,True
1707,32,buried,409,409,0,0,False,False,True
1707,33,buried,456,456,0,0,False,False,True
1707,34,buried,472,472,0,0,False,False,True
1707,35,buried,419,419,0,0,False,False,True
1707,36,buried,428,428,0,0,False,False,True
1707,37,buried,442,442,0,0,False,False,True
1707,38,buried,446,446,0,0,False,False,True
1707,39,buried,520,520,0,0,False,False,True
1707,40,buried,477,477,0,0,False,False,True
1707,41,buried,455,455,0,0,False,False,False
1707,42,buried,396,396,0,0,False,False,True
1707,43,buried,371,371,0,0,False,False,True
1707,44,buried,370,370,0,0,False,False,True
1707,45,buried,369,369,0,0,False,False,True
1707,46,buried,389,389,0,0,False,False,True
1707,47,buried,420,420,0,0,False,False,False
1707,48,buried,368,368,0,0,False,False,True
1707,49,buried,422,422,0,0,False,False,True
1707,50,buried,449,449,0,0,False,False,True
1707,51,buried,419,419,0,0,False,False,True
1707,52,buried,409,409,0,0,False,False,False
1707,53,buried,396,396,0,0,False,False,True
1708,1,buried,406,406,0,0,False,False,True
1708,2,buried,399,399,0,0,False,False,True
1708,3,buried,461,460,1,1,True,False,True
1708,4,buried,568,568,0,0,False,False,False
1708,5,buried,514,514,0,0,False,False,False
1708,6,buried,456,456,0,0,False,False,True
1708,7,buried,523,523,0,0,False,False,True
1708,8,buried,471,471,0,0,False,False,True
1708,9,buried,417,417,0,0,False,False,True
1708,10,buried,572,572,0,0,False,False,True
1708,11,buried,498,498,0,0,False,False,True
1708,12,buried,467,465,2,2,True,False,True
1708,13,buried,518,518,0,0,False,False,False
1708,14,buried,521,521,0,0,False,False,False
1708,15,buried,458,458,0,0,False,False,True
1708,16,buried,427,427,0,0,False,False,True
1708,17,buried,467,467,0,0,False,False,True
1708,18,buried,393,393,0,0,False,False,True
1708,19,buried,409,409,0,0,False,False,True
1708,20,buried,472,472,0,0,False,False,False
1708,21,buried,377,377,0,0,False,False,True
1708,22,buried,411,411,0,0,False,False,True
1708,23,buried,381,381,0,0,False,False,True
1708,24,buried,391,391,0,0,False,False,True
1708,25,buried,426,426,0,0,False,False,True
1708,26,buried,356,356,0,0,False,False,True
1708,27,buried,354,354,0,0,False,False,True
1708,28,buried,325,325,0,0,False,False,True
1708,29,buried,297,297,0,0,False,False,True
1708,30,buried,348,348,0,0,False,False,True
1708,31,buried,371,348,23,23,True,False,True
1708,32,buried,300,300,0,0,False,False,True
1708,33,buried,338,338,0,0,False,False,True
1708,34,buried,363,363,0,0,False,False,True
1708,35,buried,361,361,0,0,False,False,True
1708,36,buried,397,397,0,0,False,False,True
1708,37,buried,401,401,0,0,False,False,True
1708,38,buried,413,413,0,0,False,False,True
1708,39,buried,484,484,0,0,False,False,True
1708,40,buried,461,461,0,0,False,False,True
1708,41,buried,428,428,0,0,False,False,False
1708,42,buried,412,412,0,0,False,False,True
1708,43,buried,388,386,2,2,True,False,True
1708,44,buried,381,381,0,0,False,False,True
1708,45,buried,400,355,45,45,True,False,False
1708,46,buried,450,450,0,0,False,False,True
1708,47,buried,402,402,0,0,False,False,True
1708,48,buried,426,425,1,1,True,False,True
1708,49,buried,397,397,0,0,False,False,False
1708,50,buried,362,362,0,0,False,False,True
1708,51,buried,407,407,0,0,False,False,True
1708,52,buried,456,456,0,0,False,False,True
1709,1,buried,391,391,0,0,False,False,False
1709,2,buried,478,478,0,0,False,False,True
1709,3,buried,466,466,0,0,False,False,True
1709,4,buried,437,437,0,0,False,False,True
1709,5,buried,453,443,10,10,True,False,False
1709,6,buried,468,468,0,0,False,False,True
1709,7,buried,560,560,0,0,False,False,False
1709,8,buried,348,446,-98,98,True,False,False
1709,9,buried,478,478,0,0,False,False,False
1709,10,buried,454,454,0,0,False,False,True
1709,11,buried,505,505,0,0,False,False,False
1709,12,buried,534,534,0,0,False,False,True
1709,13,buried,497,497,0,0,False,False,True
1709,14,buried,482,482,0,0,False,False,True
1709,15,buried,510,510,0,0,False,False,True
1709,16,buried,447,447,0,0,False,False,True
1709,17,buried,469,469,0,0,False,False,True
1709,18,buried,421,421,0,0,False,False,True
1709,19,buried,434,434,0,0,False,False,True
1709,20,buried,446,444,2,2,True,False,True
1709,21,buried,421,421,0,0,False,False,True
1709,22,buried,410,410,0,0,False,False,True
1709,23,buried,434,434,0,0,False,False,False
1709,24,buried,392,392,0,0,False,False,True
1709,25,buried,404,404,0,0,False,False,True
1709,26,buried,418,417,1,1,True,False,False
1709,27,buried,372,372,0,0,False,False,True
1709,28,buried,343,344,-1,1,True,False,False
1709,29,buried,345,345,0,0,False,False,True
1709,30,buried,332,332,0,0,False,False,True
1709,31,buried,345,330,15,15,True,False,False
1709,32,buried,325,325,0,0,False,False,False
1709,33,buried,408,408,0,0,False,False,False
1709,34,buried,339,339,0,0,False,False,True
1709,35,buried,381,381,0,0,False,False,True
1709,36,buried,379,379,0,0,False,False,True
1709,37,buried,384,384,0,0,False,False,True
1709,38,buried,370,370,0,0,False,False,False
1709,39,buried,472,471,1,1,True,False,True
1709,40,buried,406,406,0,0,False,False,True
1709,41,buried,415,412,3,3,True,False,True
1709,42,buried,375,375,0,0,False,False,False
1709,43,buried,359,359,0,0,False,False,True
1709,44,buried,370,370,0,0,False,False,True
1709,45,buried,372,372,0,0,False,False,True
1709,46,buried,385,385,0,0,False,False,True
1709,47,buried,391,391,0,0,False,False,True
1709,48,buried,366,366,0,0,False,False,True
1709,49,buried,389,389,0,0,False,False,True
1709,50,buried,370,370,0,0,False,False,False
1709,51,buried,426,426,0,0,False,False,False
1709,52,buried,384,383,1,1,True,False,True
1710,1,buried,374,374,0,0,False,False,True
1710,2,buried,366,375,-9,9,True,False,True
1710,3,buried,375,375,0,0,False,False,True
1710,4,buried,383,393,-10,10,True,False,True
1710,5,buried,432,432,0,0,False,False,True
1710,6,buried,409,409,0,0,False,False,True
1710,7,buried,478,478,0,0,False,False,True
1710,8,buried,503,503,0,0,False,False,True
1710,9,buried,566,565,1,1,True,False,True
1710,10,buried,462,462,0,0,False,False,False
1710,11,buried,463,466,-3,3,True,False,True
1710,12,buried,475,475,0,0,False,False,True
1710,13,buried,427,427,0,0,False,False,True
1710,14,buried,500,497,3,3,True,False,True
1710,15,buried,467,477,-10,10,True,False,True
1710,16,buried,435,435,0,0,False,False,True
1710,17,buried,470,470,0,0,False,False,True
1710,18,buried,480,480,0,0,False,False,False
1710,19,buried,524,524,0,0,False,False,True
1710,20,buried,571,571,0,0,False,False,False
1710,21,buried,517,507,10,10,True,False,False
1710,22,buried,512,492,20,20,True,False,False
1710,23,buried,503,503,0,0,False,False,False
1710,24,buried,550,550,0,0,False,False,True
1710,25,buried,508,507,1,1,True,False,False
1710,26,buried,509,509,0,0,False,False,True
1710,27,buried,574,574,0,0,False,False,False
1710,28,buried,503,505,-2,2,True,False,False
1710,29,buried,482,482,0,0,False,False,True
1710,30,buried,467,457,10,10,True,False,False
1710,31,buried,509,509,0,0,False,False,True
1710,32,buried,562,562,0,0,False,False,True
1710,33,buried,444,444,0,0,False,False,True
1710,34,buried,463,464,-1,1,True,False,True
1710,35,buried,459,459,0,0,False,False,True
1710,36,buried,463,463,0,0,False,False,True
1710,37,buried,495,495,0,0,False,False,True
1710,38,buried,414,414,0,0,False,False,True
1710,39,buried,520,520,0,0,False,False,True
1710,40,buried,548,548,0,0,False,False,False
1710,41,buried,456,456,0,0,False,False,True
1710,42,buried,469,470,-1,1,True,False,False
1710,43,buried,480,480,0,0,False,False,True
1710,44,buried,477,477,0,0,False,False,True
1710,45,buried,470,471,-1,1,True,False,False
1710,46,buried,421,422,-1,1,True,False,True
1710,47,buried,425,425,0,0,False,False,True
1710,48,buried,390,390,0,0,False,False,True
1710,49,buried,345,345,0,0,False,False,True
1710,50,buried,408,408,0,0,False,False,True
1710,51,buried,311,311,0,0,False,False,True
1710,52,buried,368,368,0,0,False,False,True
1711,1,buried,347,347,0,0,False,False,True
1711,2,buried,277,277,0,0,False,False,True
1711,3,buried,503,503,0,0,False,False,True
1711,4,buried,383,383,0,0,False,False,True
1711,5,buried,346,346,0,0,False,False,True
1711,6,buried,371,371,0,0,False,False,True
1711,7,buried,443,443,0,0,False,False,True
1711,8,buried,375,375,0,0,False,False,False
1711,9,buried,408,408,0,0,False,False,False
1711,10,buried,444,446,-2,2,True,False,True
1711,11,buried,326,481,-155,155,True,False,False
1711,12,buried,464,464,0,0,False,False,True
1711,13,buried,472,472,0,0,False,False,True
1711,14,buried,532,532,0,0,False,False,True
1711,15,buried,901,891,10,10,True,False,True
1711,16,buried,426,424,2,2,True,False,True
1711,17,buried,456,476,-20,20,True,False,True
1711,18,buried,433,433,0,0,False,False,False
1711,19,buried,396,396,0,0,False,False,False
1711,20,buried,419,419,0,0,False,False,True
1711,21,buried,422,422,0,0,False,False,True
1711,22,buried,422,422,0,0,False,False,False
1711,23,buried,373,370,3,3,True,False,False
1711,24,buried,330,330,0,0,False,False,True
1711,25,buried,402,402,0,0,False,False,False
1711,27,buried,372,372,0,0,False,False,True
1711,28,buried,363,416,-53,53,True,False,True
1711,29,buried,337,337,0,0,False,False,False
1711,30,buried,326,326,0,0,False,False,True
1711,31,buried,341,341,0,0,False,False,True
1711,32,buried,255,350,-95,95,True,False,True
1711,33,buried,320,320,0,0,False,False,True
1711,34,buried,344,344,0,0,False,False,True
1711,35,buried,312,312,0,0,False,False,True
1711,36,buried,348,348,0,0,False,False,True
1711,37,buried,311,311,0,0,False,False,True
1711,38,buried,331,331,0,0,False,False,True
1711,39,buried,281,351,-70,70,True,False,False
1711,40,buried,351,351,0,0,False,False,True
1711,41,buried,322,322,0,0,False,False,True
1711,42,buried,322,332,-10,10,True,False,True
1711,43,buried,339,339,0,0,False,False,True
1711,44,buried,315,315,0,0,False,False,True
1711,45,buried,369,369,0,0,False,False,True
1711,46,buried,321,321,0,0,False,False,True
1711,47,buried,339,329,10,10,True,False,True
1711,48,buried,342,339,3,3,True,False,False
1711,49,buried,346,346,0,0,False,False,False
1711,50,buried,285,285,0,0,False,False,False
1711,51,buried,340,337,3,3,True,False,True
1711,52,buried,383,383,0,0,False,False,True
1712,1,buried,439,429,10,10,True,False,False
1712,2,buried,466,456,10,10,True,False,True
1712,3,buried,461,449,12,12,True,False,True
1712,4,buried,475,474,1,1,True,False,False
1712,5,buried,453,453,0,0,False,False,False
1712,6,buried,463,463,0,0,False,False,False
1712,7,buried,412,412,0,0,False,False,False
1712,8,buried,343,343,0,0,False,False,False
1712,9,buried,393,393,0,0,False,False,True
1712,10,buried,353,323,30,30,True,False,False
1712,11,buried,356,356,0,0,False,False,False
1712,12,buried,395,386,9,9,True,False,False
1712,13,buried,419,420,-1,1,True,False,False
1712,14,buried,396,396,0,0,False,False,False
1712,15,buried,446,427,19,19,True,False,False
1712,16,buried,480,480,0,0,False,False,True
1712,17,buried,484,484,0,0,False,False,True
1712,18,buried,386,386,0,0,False,False,True
1712,19,buried,444,454,-10,10,True,False,True
1712,20,buried,380,380,0,0,False,False,True
1712,21,buried,392,397,-5,5,True,False,True
1712,22,buried,408,408,0,0,False,False,True
1712,23,buried,377,376,1,1,True,False,False
1712,24,buried,378,378,0,0,False,False,True
1712,25,buried,385,385,0,0,False,False,True
1712,26,buried,420,420,0,0,False,False,True
1712,27,buried,423,423,0,0,False,False,True
1712,28,buried,402,402,0,0,False,False,True
1712,29,buried,368,368,0,0,False,False,False
1712,30,buried,393,393,0,0,False,False,True
1712,31,buried,356,356,0,0,False,False,True
1712,32,buried,372,372,0,0,False,False,True
1712,33,buried,376,376,0,0,False,False,True
1712,34,buried,420,420,0,0,False,False,True
1712,35,buried,447,447,0,0,False,False,True
1712,36,buried,402,402,0,0,False,False,True
1712,37,buried,387,387,0,0,False,False,False
1712,38,buried,398,399,-1,1,True,False,True
1712,39,buried,343,344,-1,1,True,False,True
1712,40,buried,371,367,4,4,True,False,False
1712,41,buried,326,326,0,0,False,False,False
1712,42,buried,348,348,0,0,False,False,True
1712,43,buried,362,362,0,0,False,False,True
1712,44,buried,352,372,-20,20,True,False,True
1712,45,buried,391,391,0,0,False,False,True
1712,46,buried,313,313,0,0,False,False,True
1712,47,buried,361,361,0,0,False,False,True
1712,48,buried,375,375,0,0,False,False,True
1712,49,buried,377,377,0,0,False,False,False
1712,50,buried,390,390,0,0,False,False,True
1712,51,buried,396,396,0,0,False,False,False
1712,52,buried,402,402,0,0,False,False,False
1712,53,buried,485,484,1,1,True,False,True
1713,1,buried,413,413,0,0,False,False,True
1713,2,buried,385,385,0,0,False,False,True
1713,3,buried,395,395,0,0,False,False,True
1713,4,buried,447,446,1,1,True,False,True
1713,5,buried,447,447,0,0,False,False,True
1713,6,buried,536,536,0,0,False,False,True
1713,7,buried,523,523,0,0,False,False,True
1713,8,buried,512,512,0,0,False,False,True
1713,9,buried,466,466,0,0,False,False,True
1713,10,buried,889,889,0,0,False,False,True
1713,11,buried,465,465,0,0,False,False,False
1713,12,buried,487,487,0,0,False,False,True
1713,13,buried,509,509,0,0,False,False,False
1713,14,buried,483,483,0,0,False,False,True
1713,16,buried,479,540,-61,61,True,False,False
1713,17,buried,363,361,2,2,True,False,False
1713,18,buried,422,422,0,0,False,False,False
1713,19,buried,393,387,6,6,True,False,True
1713,21,buried,431,421,10,10,True,False,False
1713,22,buried,380,380,0,0,False,False,True
1713,23,buried,369,370,-1,1,True,False,False
1713,24,buried,415,415,0,0,False,False,False
1713,25,buried,362,362,0,0,False,False,True
1713,26,buried,385,385,0,0,False,False,True
1713,28,buried,297,297,0,0,False,False,True
1713,29,buried,332,329,3,3,True,False,False
1713,30,buried,341,341,0,0,False,False,True
1713,31,buried,376,357,19,19,True,False,True
1713,32,buried,340,324,16,16,True,False,False
1713,33,buried,355,357,-2,2,True,False,False
1713,34,buried,320,320,0,0,False,False,True
1713,35,buried,352,352,0,0,False,False,True
1713,36,buried,378,377,1,1,True,False,True
1713,37,buried,412,401,11,11,True,False,False
1713,38,buried,393,393,0,0,False,False,True
1713,39,buried,394,406,-12,12,True,False,False
1713,40,buried,445,438,7,7,True,False,False
1713,41,buried,433,433,0,0,False,False,True
1713,42,buried,400,400,0,0,False,False,True
1713,43,buried,413,413,0,0,False,False,True
1713,44,buried,425,425,0,0,False,False,True
1713,45,buried,406,406,0,0,False,False,True
1713,46,buried,440,446,-6,6,True,False,False
1713,47,buried,438,438,0,0,False,False,True
1713,48,buried,457,457,0,0,False,False,True
1713,49,buried,436,436,0,0,False,False,False
1713,50,buried,482,482,0,0,False,False,False
1713,51,buried,463,463,0,0,False,False,True
1713,52,buried,440,440,0,0,False,False,True
1714,1,buried,978,980,-2,2,True,False,True
1714,2,buried,495,495,0,0,False,False,True
1714,3,buried,534,534,0,0,False,False,True
1714,4,buried,516,516,0,0,False,False,True
1714,5,buried,603,602,1,1,True,False,True
1714,6,buried,471,458,13,13,True,False,True
1714,7,buried,484,485,-1,1,True,False,True
1714,8,buried,457,457,0,0,False,False,True
1714,9,buried,427,490,-63,63,True,False,True
1714,10,buried,445,445,0,0,False,False,False
1714,11,buried,495,495,0,0,False,False,True
1714,12,buried,501,501,0,0,False,False,True
1714,13,buried,457,457,0,0,False,False,True
1714,14,buried,429,429,0,0,False,False,True
1714,15,buried,469,469,0,0,False,False,True
1714,16,buried,495,495,0,0,False,False,True
1714,17,buried,528,528,0,0,False,False,True
1714,18,buried,528,528,0,0,False,False,True
1714,19,buried,496,496,0,0,False,False,True
1714,20,buried,534,534,0,0,False,False,True
1714,21,buried,520,530,-10,10,True,False,True
1714,22,buried,630,633,-3,3,True,False,True
1714,23,buried,545,545,0,0,False,False,True
1714,24,buried,587,587,0,0,False,False,True
1714,25,buried,568,568,0,0,False,False,True
1714,26,buried,565,565,0,0,False,False,True
1714,27,buried,546,547,-1,1,True,False,True
1714,28,buried,578,578,0,0,False,False,True
1714,29,buried,550,550,0,0,False,False,False
1714,30,buried,516,516,0,0,False,False,True
1714,31,buried,537,537,0,0,False,False,True
1714,32,buried,457,457,0,0,False,False,True
1714,33,buried,501,501,0,0,False,False,True
1714,34,buried,577,577,0,0,False,False,True
1714,35,buried,494,494,0,0,False,False,True
1714,36,buried,520,520,0,0,False,False,True
1714,37,buried,556,556,0,0,False,False,True
1714,38,buried,554,554,0,0,False,False,True
1714,39,buried,564,564,0,0,False,False,True
1714,40,buried,463,463,0,0,False,False,True
1714,41,buried,556,556,0,0,False,False,True
1714,42,buried,550,550,0,0,False,False,True
1714,43,buried,487,486,1,1,True,False,True
1714,44,buried,530,530,0,0,False,False,True
1714,45,buried,502,502,0,0,False,False,True
1714,46,buried,447,447,0,0,False,False,True
1714,47,buried,480,480,0,0,False,False,True
1714,48,buried,493,493,0,0,False,False,True
1714,49,buried,490,480,10,10,True,False,True
1714,50,buried,507,507,0,0,False,False,True
1714,51,buried,587,587,0,0,False,False,True
1714,52,buried,514,514,0,0,False,False,True
1715,1,buried,531,531,0,0,False,False,True
1715,2,buried,469,469,0,0,False,False,True
1715,3,buried,523,520,3,3,True,False,True
1715,4,buried,558,567,-9,9,True,False,True
1715,5,buried,596,596,0,0,False,False,True
1715,6,buried,597,597,0,0,False,False,True
1715,7,buried,619,620,-1,1,True,False,True
1715,8,buried,520,520,0,0,False,False,True
1715,9,buried,562,562,0,0,False,False,True
1715,10,buried,551,550,1,1,True,False,True
1715,11,buried,469,469,0,0,False,False,False
1715,12,buried,531,511,20,20,True,False,True
1715,13,buried,562,559,3,3,True,False,True
1715,14,buried,542,542,0,0,False,False,True
1715,16,buried,448,448,0,0,False,False,True
1715,17,buried,392,378,14,14,True,False,True
1715,18,buried,426,426,0,0,False,False,True
1715,19,buried,451,451,0,0,False,False,True
1715,20,buried,362,362,0,0,False,False,False
1715,21,buried,381,381,0,0,False,False,True
1715,22,buried,406,406,0,0,False,False,True
1715,23,buried,381,381,0,0,False,False,True
1715,24,buried,411,411,0,0,False,False,True
1715,25,buried,327,327,0,0,False,False,True
1715,26,buried,409,409,0,0,False,False,True
1715,27,buried,446,446,0,0,False,False,True
1715,28,buried,416,414,2,2,True,False,True
1715,29,buried,410,410,0,0,False,False,True
1715,30,buried,369,369,0,0,False,False,True
1715,31,buried,360,360,0,0,False,False,True
1715,32,buried,397,396,1,1,True,False,True
1715,33,buried,343,343,0,0,False,False,False
1715,34,buried,381,381,0,0,False,False,True
1715,35,buried,344,348,-4,4,True,False,True
1715,36,buried,379,379,0,0,False,False,True
1715,37,buried,408,408,0,0,False,False,True
1715,38,buried,414,414,0,0,False,False,True
1715,39,buried,422,422,0,0,False,False,True
1715,40,buried,488,488,0,0,False,False,True
1715,41,buried,414,414,0,0,False,False,True
1715,42,buried,428,428,0,0,False,False,False
1715,43,buried,418,418,0,0,False,False,True
1715,44,buried,361,361,0,0,False,False,True
1715,45,buried,428,428,0,0,False,False,True
1715,46,buried,346,346,0,0,False,False,False
1715,47,buried,406,406,0,0,False,False,True
1715,48,buried,366,366,0,0,False,False,True
1715,49,buried,394,394,0,0,False,False,True
1715,50,buried,440,440,0,0,False,False,True
1715,51,buried,411,411,0,0,False,False,True
1715,52,buried,494,494,0,0,False,False,True
1716,1,buried,534,512,22,22,True,False,True
1716,2,buried,455,455,0,0,False,False,True
1716,3,buried,513,513,0,0,False,False,True
1716,4,buried,477,477,0,0,False,False,True
1716,5,buried,485,485,0,0,False,False,True
1716,6,buried,448,447,1,1,True,False,True
1716,7,buried,496,494,2,2,True,False,True
1716,8,buried,470,471,-1,1,True,False,True
1716,9,buried,439,552,-113,113,True,False,False
1716,10,buried,524,526,-2,2,True,False,False
1716,11,buried,488,488,0,0,False,False,True
1716,12,buried,497,497,0,0,False,False,False
1716,13,buried,490,490,0,0,False,False,True
1716,14,buried,469,469,0,0,False,False,True
1716,15,buried,525,524,1,1,True,False,False
1716,16,buried,497,499,-2,2,True,False,True
1716,17,buried,507,507,0,0,False,False,True
1716,18,buried,489,489,0,0,False,False,True
1716,19,buried,407,407,0,0,False,False,True
1716,20,buried,445,445,0,0,False,False,True
1716,21,buried,403,403,0,0,False,False,True
1716,22,buried,440,440,0,0,False,False,True
1716,23,buried,441,441,0,0,False,False,True
1716,24,buried,434,434,0,0,False,False,True
1716,25,buried,407,407,0,0,False,False,True
1716,26,buried,415,410,5,5,True,False,False
1716,27,buried,367,367,0,0,False,False,True
1716,28,buried,382,382,0,0,False,False,True
1716,29,buried,403,403,0,0,False,False,True
1716,30,buried,381,381,0,0,False,False,True
1716,31,buried,346,356,-10,10,True,False,True
1716,32,buried,372,372,0,0,False,False,True
1716,33,buried,423,422,1,1,True,False,True
1716,34,buried,426,426,0,0,False,False,True
1716,35,buried,422,419,3,3,True,False,False
1716,36,buried,424,424,0,0,False,False,True
1716,37,buried,431,431,0,0,False,False,False
1716,38,buried,471,490,-19,19,True,False,False
1716,39,buried,442,442,0,0,False,False,False
1716,40,buried,473,473,0,0,False,False,True
1716,41,buried,453,453,0,0,False,False,True
1716,42,buried,460,461,-1,1,True,False,True
1716,43,buried,477,495,-18,18,True,False,False
1716,44,buried,480,480,0,0,False,False,True
1716,45,buried,466,466,0,0,False,False,True
1716,46,buried,420,409,11,11,True,False,True
1716,47,buried,481,465,16,16,True,False,False
1716,48,buried,476,476,0,0,False,False,True
1716,49,buried,473,470,3,3,True,False,True
1716,50,buried,455,451,4,4,True,False,False
1716,51,buried,435,436,-1,1,True,False,True
1716,52,buried,545,545,0,0,False,False,False
1716,53,buried,457,321,136,136,True,False,False
1717,1,buried,422,412,10,10,True,False,False
1717,4,buried,504,613,-109,109,True,False,False
1717,5,buried,545,545,0,0,False,False,False
1717,6,buried,616,596,20,20,True,False,False
1717,7,buried,640,632,8,8,True,False,False
1717,8,buried,560,562,-2,2,True,False,True
1717,9,buried,931,931,0,0,False,False,True
1717,10,buried,457,459,-2,2,True,False,False
1717,11,buried,437,437,0,0,False,False,True
1717,12,buried,864,864,0,0,False,False,False
1717,13,buried,402,401,1,1,True,False,True
1717,14,buried,473,457,16,16,True,False,True
1717,15,buried,439,439,0,0,False,False,True
1717,16,buried,829,900,-71,71,True,False,True
1717,19,buried,725,751,-26,26,True,False,False
1717,20,buried,440,513,-73,73,True,False,True
1717,21,buried,427,427,0,0,False,False,False
1717,23,buried,378,378,0,0,False,False,False
1717,24,buried,365,372,-7,7,True,False,True
1717,25,buried,383,383,0,0,False,False,True
1717,26,buried,359,359,0,0,False,False,True
1717,27,buried,347,276,71,71,True,False,False
1717,28,buried,274,339,-65,65,True,False,False
1717,30,buried,373,373,0,0,False,False,True
1717,31,buried,1238,1230,8,8,True,False,True
1717,32,buried,383,383,0,0,False,False,True
1717,33,buried,411,409,2,2,True,False,False
1717,34,buried,445,445,0,0,False,False,True
1717,35,buried,477,477,0,0,False,False,True
1717,36,buried,489,489,0,0,False,False,True
1717,37,buried,459,459,0,0,False,False,True
1717,38,buried,521,521,0,0,False,False,True
1717,39,buried,527,525,2,2,True,False,False
1717,40,buried,522,522,0,0,False,False,True
1717,41,buried,500,498,2,2,True,False,False
1717,42,buried,435,434,1,1,True,False,True
1717,43,buried,432,432,0,0,False,False,True
1717,44,buried,444,411,33,33,True,False,True
1717,45,buried,419,420,-1,1,True,False,False
1717,46,buried,402,402,0,0,False,False,False
1717,47,buried,408,418,-10,10,True,False,False
1717,48,buried,393,390,3,3,True,False,False
1717,49,buried,377,377,0,0,False,False,True
1717,50,buried,171,383,-212,212,True,False,False
1717,52,buried,423,411,12,12,True,False,False
1717,53,buried,432,432,0,0,False,False,True
1718,15,buried,472,472,0,0,False,False,False
1718,16,buried,495,495,0,0,False,False,True
1718,17,buried,418,418,0,0,False,False,True
1718,18,buried,478,456,22,22,True,False,False
1718,19,buried,426,426,0,0,False,False,True
1718,20,buried,436,437,-1,1,True,False,False
1718,21,buried,454,429,25,25,True,False,False
1718,27,buried,430,411,19,19,True,False,False
1719,1,buried,586,586,0,0,False,False,True
1719,2,buried,494,494,0,0,False,False,True
1719,3,buried,586,586,0,0,False,False,False
1719,4,buried,492,492,0,0,False,False,True
1719,5,buried,452,452,0,0,False,False,True
1719,6,buried,502,502,0,0,False,False,True
1719,7,buried,459,459,0,0,False,False,True
1719,8,buried,487,487,0,0,False,False,True
1719,9,buried,521,521,0,0,False,False,True
1719,10,buried,481,481,0,0,False,False,True
1719,11,buried,506,506,0,0,False,False,True
1719,12,buried,562,562,0,0,False,False,True
1719,13,buried,529,529,0,0,False,False,True
1719,14,buried,521,511,10,10,True,False,True
1719,19,buried,461,461,0,0,False,False,True
1719,20,buried,449,449,0,0,False,False,True
1719,21,buried,479,479,0,0,False,False,True
1719,22,buried,433,443,-10,10,True,False,False
1719,23,buried,504,504,0,0,False,False,True
1719,24,buried,431,423,8,8,True,False,False
1719,25,buried,432,432,0,0,False,False,True
1719,26,buried,424,424,0,0,False,False,True
1719,27,buried,465,465,0,0,False,False,False
1719,28,buried,464,464,0,0,False,False,True
1719,29,buried,542,542,0,0,False,False,True
1719,30,buried,482,482,0,0,False,False,True
1719,31,buried,481,483,-2,2,True,False,False
1719,32,buried,568,568,0,0,False,False,True
1719,33,buried,583,583,0,0,False,False,True
1719,34,buried,688,688,0,0,False,False,True
1719,35,buried,670,670,0,0,False,False,True
1719,36,buried,755,751,4,4,True,False,True
1719,37,buried,726,726,0,0,False,False,True
1719,38,buried,735,735,0,0,False,False,True
1719,39,buried,728,728,0,0,False,False,True
1719,40,buried,663,655,8,8,True,False,False
1719,41,buried,639,639,0,0,False,False,True
1719,42,buried,581,581,0,0,False,False,True
1719,43,buried,597,597,0,0,False,False,True
1719,44,buried,471,482,-11,11,True,False,True
1719,45,buried,527,527,0,0,False,False,True
1719,46,buried,581,581,0,0,False,False,True
1719,47,buried,529,529,0,0,False,False,True
1719,48,buried,534,534,0,0,False,False,True
1719,49,buried,498,498,0,0,False,False,True
1719,50,buried,461,462,-1,1,True,False,True
1719,51,buried,518,518,0,0,False,False,True
1719,52,buried,540,540,0,0,False,False,True
1720,1,buried,439,439,0,0,False,False,True
1720,2,buried,408,408,0,0,False,False,True
1720,3,buried,478,478,0,0,False,False,True
1720,4,buried,479,479,0,0,False,False,True
1720,5,buried,528,525,3,3,True,False,False
1720,6,buried,483,483,0,0,False,False,True
1720,7,buried,520,521,-1,1,True,False,True
1720,8,buried,554,554,0,0,False,False,True
1720,9,buried,675,675,0,0,False,False,True
1720,10,buried,739,729,10,10,True,False,False
1720,11,buried,663,663,0,0,False,False,True
1720,12,buried,696,696,0,0,False,False,True
1720,13,buried,705,705,0,0,False,False,False
1720,14,buried,636,636,0,0,False,False,False
1720,15,buried,557,557,0,0,False,False,True
1720,16,buried,524,524,0,0,False,False,True
1720,17,buried,586,586,0,0,False,False,True
1720,18,buried,535,535,0,0,False,False,True
1720,19,buried,515,525,-10,10,True,False,False
1720,20,buried,459,459,0,0,False,False,True
1720,21,buried,469,469,0,0,False,False,True
1720,22,buried,414,414,0,0,False,False,True
1720,23,buried,450,450,0,0,False,False,True
1720,24,buried,408,408,0,0,False,False,True
1720,25,buried,351,353,-2,2,True,False,True
1720,26,buried,486,486,0,0,False,False,True
1720,27,buried,384,383,1,1,True,False,True
1720,28,buried,337,337,0,0,False,False,False
1720,29,buried,391,391,0,0,False,False,True
1720,30,buried,365,365,0,0,False,False,True
1720,31,buried,367,367,0,0,False,False,True
1720,32,buried,390,390,0,0,False,False,False
1720,33,buried,430,430,0,0,False,False,True
1720,34,buried,447,447,0,0,False,False,False
1720,35,buried,488,488,0,0,False,False,True
1720,36,buried,527,527,0,0,False,False,True
1720,37,buried,562,562,0,0,False,False,True
1720,38,buried,505,484,21,21,True,False,False
1720,39,buried,536,536,0,0,False,False,False
1720,40,buried,592,592,0,0,False,False,True
1720,41,buried,548,548,0,0,False,False,True
1720,42,buried,381,552,-171,171,True,False,False
1720,43,buried,503,503,0,0,False,False,True
1720,44,buried,539,539,0,0,False,False,True
1720,45,buried,515,495,20,20,True,False,True
1720,46,buried,468,468,0,0,False,False,True
1720,47,buried,481,481,0,0,False,False,True
1720,48,buried,511,511,0,0,False,False,False
1720,49,buried,521,521,0,0,False,False,True
1720,50,buried,536,536,0,0,False,False,True
1720,51,buried,504,503,1,1,True,False,True
1720,52,buried,523,523,0,0,False,False,True
1721,1,buried,546,546,0,0,False,False,True
1721,2,buried,431,431,0,0,False,False,True
1721,3,buried,588,588,0,0,False,False,True
1721,4,buried,497,497,0,0,False,False,True
1721,5,buried,504,504,0,0,False,False,True
1721,6,buried,499,499,0,0,False,False,True
1721,7,buried,474,474,0,0,False,False,True
1721,8,buried,490,490,0,0,False,False,True
1721,9,buried,494,494,0,0,False,False,True
1721,10,buried,513,513,0,0,False,False,True
1721,11,buried,573,573,0,0,False,False,False
1721,12,buried,536,536,0,0,False,False,True
1721,13,buried,538,538,0,0,False,False,False
1721,14,buried,506,506,0,0,False,False,True
1721,15,buried,561,561,0,0,False,False,True
1721,16,buried,474,474,0,0,False,False,True
1721,18,buried,566,516,50,50,True,False,False
1721,22,buried,472,472,0,0,False,False,False
1721,23,buried,495,495,0,0,False,False,True
1721,24,buried,514,520,-6,6,True,False,False
1721,25,buried,460,444,16,16,True,False,False
1721,26,buried,478,488,-10,10,True,False,False
1721,27,buried,477,477,0,0,False,False,True
1721,28,buried,459,459,0,0,False,False,True
1721,29,buried,886,885,1,1,True,False,True
1721,30,buried,385,385,0,0,False,False,True
1721,31,buried,421,421,0,0,False,False,True
1721,32,buried,373,373,0,0,False,False,True
1721,33,buried,385,385,0,0,False,False,True
1721,34,buried,443,443,0,0,False,False,False
1721,35,buried,406,406,0,0,False,False,True
1721,36,buried,420,420,0,0,False,False,False
1721,37,buried,447,446,1,1,True,False,True
1721,38,buried,490,490,0,0,False,False,True
1721,40,buried,559,559,0,0,False,False,True
1721,41,buried,519,519,0,0,False,False,True
1721,42,buried,488,488,0,0,False,False,True
1721,43,buried,560,560,0,0,False,False,False
1721,44,buried,490,490,0,0,False,False,True
1721,45,buried,501,501,0,0,False,False,True
1721,46,buried,469,469,0,0,False,False,True
1721,47,buried,490,490,0,0,False,False,True
1721,48,buried,449,449,0,0,False,False,True
1721,49,buried,435,435,0,0,False,False,True
1721,50,buried,459,459,0,0,False,False,True
1721,51,buried,384,384,0,0,False,False,True
1721,52,buried,516,516,0,0,False,False,True
1722,1,buried,585,585,0,0,False,False,True
1722,2,buried,564,564,0,0,False,False,True
1722,3,buried,584,584,0,0,False,False,True
1722,4,buried,670,670,0,0,False,False,True
1722,5,buried,748,748,0,0,False,False,True
1722,6,buried,711,711,0,0,False,False,True
1722,7,buried,619,619,0,0,False,False,True
1722,8,buried,649,649,0,0,False,False,True
1722,9,buried,565,565,0,0,False,False,True
1722,10,buried,567,565,2,2,True,False,True
1722,11,buried,473,473,0,0,False,False,True
1722,12,buried,546,546,0,0,False,False,True
1722,13,buried,497,497,0,0,False,False,True
1722,14,buried,520,520,0,0,False,False,True
1722,17,buried,449,449,0,0,False,False,True
1722,18,buried,488,488,0,0,False,False,True
1722,19,buried,464,462,2,2,True,False,False
1722,20,buried,420,420,0,0,False,False,True
1722,21,buried,415,415,0,0,False,False,True
1722,22,buried,386,386,0,0,False,False,True
1722,23,buried,419,419,0,0,False,False,True
1722,24,buried,381,381,0,0,False,False,True
1722,25,buried,437,437,0,0,False,False,True
1722,26,buried,417,417,0,0,False,False,True
1722,27,buried,421,421,0,0,False,False,True
1722,28,buried,361,400,-39,39,True,False,True
1722,29,buried,404,403,1,1,True,False,True
1722,30,buried,415,415,0,0,False,False,True
1722,31,buried,457,457,0,0,False,False,True
1722,32,buried,321,421,-100,100,True,False,True
1722,33,buried,426,426,0,0,False,False,True
1722,34,buried,394,396,-2,2,True,False,True
1722,35,buried,430,430,0,0,False,False,True
1722,36,buried,413,413,0,0,False,False,True
1722,37,buried,431,431,0,0,False,False,True
1722,38,buried,491,491,0,0,False,False,True
1722,39,buried,438,538,-100,100,True,False,True
1722,40,buried,482,482,0,0,False,False,True
1722,41,buried,550,550,0,0,False,False,True
1722,42,buried,535,535,0,0,False,False,True
1722,43,buried,575,574,1,1,True,False,False
1722,44,buried,562,562,0,0,False,False,True
1722,45,buried,637,637,0,0,False,False,True
1722,46,buried,651,651,0,0,False,False,True
1722,47,buried,591,591,0,0,False,False,True
1722,48,buried,633,633,0,0,False,False,True
1722,49,buried,587,587,0,0,False,False,True
1722,50,buried,544,545,-1,1,True,False,False
1722,51,buried,639,639,0,0,False,False,False
1722,52,buried,625,626,-1,1,True,False,False
1723,1,buried,544,544,0,0,False,False,True
1723,2,buried,483,483,0,0,False,False,False
1723,3,buried,502,502,0,0,False,False,True
1723,4,buried,537,538,-1,1,True,False,False
1723,5,buried,535,535,0,0,False,False,True
1723,6,buried,567,567,0,0,False,False,False
1723,7,buried,550,550,0,0,False,False,True
1723,8,buried,525,525,0,0,False,False,True
1723,9,buried,524,524,0,0,False,False,True
1723,10,buried,530,530,0,0,False,False,True
1723,11,buried,611,610,1,1,True,False,False
1723,12,buried,561,558,3,3,True,False,False
1723,13,buried,608,661,-53,53,True,False,False
1723,14,buried,471,471,0,0,False,False,False
1723,15,buried,975,975,0,0,False,False,True
1723,16,buried,509,509,0,0,False,False,True
1723,17,buried,515,515,0,0,False,False,True
1723,18,buried,480,480,0,0,False,False,True
1723,19,buried,537,537,0,0,False,False,True
1723,20,buried,444,445,-1,1,True,False,True
1723,21,buried,534,534,0,0,False,False,True
1723,22,buried,473,473,0,0,False,False,True
1723,23,buried,446,446,0,0,False,False,True
1723,24,buried,502,502,0,0,False,False,True
1723,25,buried,525,525,0,0,False,False,True
1723,26,buried,542,542,0,0,False,False,True
1723,27,buried,467,467,0,0,False,False,True
1723,28,buried,509,509,0,0,False,False,True
1723,29,buried,423,423,0,0,False,False,True
1723,30,buried,478,478,0,0,False,False,True
1723,31,buried,474,474,0,0,False,False,True
1723,32,buried,529,529,0,0,False,False,True
1723,33,buried,564,566,-2,2,True,False,True
1723,34,buried,583,581,2,2,True,False,True
1723,35,buried,555,555,0,0,False,False,True
1723,36,buried,640,641,-1,1,True,False,True
1723,37,buried,676,676,0,0,False,False,True
1723,38,buried,761,761,0,0,False,False,True
1723,39,buried,705,705,0,0,False,False,True
1723,40,buried,768,768,0,0,False,False,True
1723,41,buried,674,673,1,1,True,False,True
1723,42,buried,669,672,-3,3,True,False,False
1723,43,buried,598,598,0,0,False,False,True
1723,44,buried,618,617,1,1,True,False,False
1723,45,buried,563,563,0,0,False,False,True
1723,46,buried,537,537,0,0,False,False,True
1723,47,buried,461,455,6,6,True,False,False
1723,48,buried,511,511,0,0,False,False,True
1723,49,buried,555,555,0,0,False,False,False
1723,50,buried,508,508,0,0,False,False,True
1723,51,buried,607,547,60,60,True,False,True
1723,52,buried,525,530,-5,5,True,False,False
1724,1,buried,606,606,0,0,False,False,False
1724,2,buried,561,561,0,0,False,False,True
1724,3,buried,531,529,2,2,True,False,False
1724,4,buried,502,501,1,1,True,False,True
1724,5,buried,530,530,0,0,False,False,True
1724,6,buried,472,472,0,0,False,False,False
1724,7,buried,510,510,0,0,False,False,True
1724,8,buried,517,517,0,0,False,False,False
1724,9,buried,624,624,0,0,False,False,True
1724,10,buried,659,659,0,0,False,False,False
1724,11,buried,626,626,0,0,False,False,False
1724,12,buried,611,611,0,0,False,False,True
1724,13,buried,621,621,0,0,False,False,True
1724,14,buried,549,549,0,0,False,False,True
1724,16,buried,542,542,0,0,False,False,False
1724,17,buried,496,496,0,0,False,False,False
1724,18,buried,463,463,0,0,False,False,False
1724,19,buried,489,479,10,10,True,False,False
1724,20,buried,430,430,0,0,False,False,True
1724,21,buried,437,437,0,0,False,False,False
1724,22,buried,387,387,0,0,False,False,False
1724,23,buried,461,461,0,0,False,False,True
1724,24,buried,470,470,0,0,False,False,True
1724,25,buried,494,494,0,0,False,False,False
1724,26,buried,488,488,0,0,False,False,True
1724,27,buried,444,444,0,0,False,False,True
1724,28,buried,414,411,3,3,True,False,True
1724,29,buried,369,369,0,0,False,False,False
1724,30,buried,392,392,0,0,False,False,True
1724,31,buried,407,406,1,1,True,False,False
1724,32,buried,402,402,0,0,False,False,True
1724,33,buried,394,394,0,0,False,False,False
1724,34,buried,419,419,0,0,False,False,False
1724,35,buried,350,350,0,0,False,False,True
1724,36,buried,487,487,0,0,False,False,False
1724,37,buried,396,396,0,0,False,False,True
1724,38,buried,555,555,0,0,False,False,True
1724,39,buried,562,562,0,0,False,False,True
1724,40,buried,532,532,0,0,False,False,True
1724,41,buried,580,580,0,0,False,False,True
1724,42,buried,582,582,0,0,False,False,True
1724,43,buried,587,587,0,0,False,False,True
1724,44,buried,439,439,0,0,False,False,True
1724,45,buried,502,502,0,0,False,False,True
1724,46,buried,412,412,0,0,False,False,True
1724,47,buried,480,480,0,0,False,False,True
1724,48,buried,445,445,0,0,False,False,True
1724,49,buried,527,527,0,0,False,False,True
1724,50,buried,497,491,6,6,True,False,False
1724,51,buried,444,444,0,0,False,False,True
1724,52,buried,564,564,0,0,False,False,False
1724,53,buried,582,582,0,0,False,False,True
1725,1,buried,478,472,6,6,True,False,True
1725,2,buried,529,529,0,0,False,False,True
1725,3,buried,587,587,0,0,False,False,True
1725,4,buried,576,576,0,0,False,False,True
1725,5,buried,633,633,0,0,False,False,True
1725,6,buried,653,653,0,0,False,False,True
1725,7,buried,541,541,0,0,False,False,False
1725,8,buried,624,628,-4,4,True,False,True
1725,9,buried,556,556,0,0,False,False,True
1725,10,buried,611,613,-2,2,True,False,False
1725,11,buried,627,627,0,0,False,False,True
1725,12,buried,660,660,0,0,False,False,True
1725,13,buried,678,680,-2,2,True,False,True
1725,14,buried,637,637,0,0,False,False,False
1725,15,buried,515,515,0,0,False,False,False
1725,16,buried,536,536,0,0,False,False,False
1725,17,buried,462,462,0,0,False,False,True
1725,18,buried,503,503,0,0,False,False,True
1725,19,buried,411,411,0,0,False,False,True
1725,20,buried,488,488,0,0,False,False,True
1725,21,buried,462,462,0,0,False,False,True
1725,22,buried,447,447,0,0,False,False,True
1725,23,buried,493,493,0,0,False,False,False
1725,24,buried,454,454,0,0,False,False,False
1725,25,buried,463,463,0,0,False,False,True
1725,26,buried,435,435,0,0,False,False,True
1725,27,buried,458,458,0,0,False,False,True
1725,28,buried,441,441,0,0,False,False,True
1725,29,buried,438,438,0,0,False,False,False
1725,30,buried,408,408,0,0,False,False,True
1725,31,buried,425,425,0,0,False,False,False
1725,32,buried,422,422,0,0,False,False,False
1725,33,buried,391,391,0,0,False,False,False
1725,34,buried,474,473,1,1,True,False,False
1725,35,buried,410,410,0,0,False,False,False
1725,36,buried,455,455,0,0,False,False,True
1725,37,buried,453,450,3,3,True,False,False
1725,38,buried,458,458,0,0,False,False,False
1725,39,buried,488,488,0,0,False,False,False
1725,40,buried,418,418,0,0,False,False,True
1725,41,buried,495,495,0,0,False,False,True
1725,42,buried,496,496,0,0,False,False,True
1725,43,buried,443,443,0,0,False,False,True
1725,44,buried,492,492,0,0,False,False,True
1725,45,buried,501,501,0,0,False,False,False
1725,46,buried,461,461,0,0,False,False,True
1725,47,buried,449,449,0,0,False,False,True
1725,48,buried,457,457,0,0,False,False,True
1725,49,buried,480,480,0,0,False,False,False
1725,50,buried,455,455,0,0,False,False,True
1725,51,buried,532,531,1,1,True,False,True
1725,52,buried,535,535,0,0,False,False,True
1726,1,buried,622,612,10,10,True,False,False
1726,2,buried,610,610,0,0,False,False,False
1726,3,buried,640,640,0,0,False,False,False
1726,4,buried,609,609,0,0,False,False,False
1726,5,buried,535,535,0,0,False,False,False
1726,6,buried,480,479,1,1,True,False,False
1726,7,buried,562,562,0,0,False,False,True
1726,8,buried,507,507,0,0,False,False,True
1726,9,buried,487,487,0,0,False,False,True
1726,10,buried,470,470,0,0,False,False,True
1726,11,buried,459,439,20,20,True,False,True
1726,12,buried,449,447,2,2,True,False,True
1726,13,buried,531,531,0,0,False,False,True
1726,14,buried,451,451,0,0,False,False,True
1726,15,buried,588,588,0,0,False,False,True
1726,16,buried,546,546,0,0,False,False,True
1726,17,buried,592,592,0,0,False,False,True
1726,18,buried,589,589,0,0,False,False,True
1726,19,buried,564,564,0,0,False,False,True
1726,20,buried,538,538,0,0,False,False,False
1726,21,buried,597,597,0,0,False,False,True
1726,22,buried,569,569,0,0,False,False,True
1726,23,buried,564,564,0,0,False,False,True
1726,24,buried,611,601,10,10,True,False,False
1726,25,buried,607,607,0,0,False,False,False
1726,26,buried,570,550,20,20,True,False,False
1726,27,buried,556,557,-1,1,True,False,False
1726,28,buried,514,514,0,0,False,False,False
1726,29,buried,507,507,0,0,False,False,True
1726,30,buried,528,528,0,0,False,False,True
1726,31,buried,516,513,3,3,True,False,False
1726,32,buried,498,498,0,0,False,False,True
1726,33,buried,486,486,0,0,False,False,True
1726,34,buried,528,528,0,0,False,False,True
1726,35,buried,527,527,0,0,False,False,False
1726,36,buried,566,596,-30,30,True,False,True
1726,37,buried,711,711,0,0,False,False,True
1726,38,buried,680,680,0,0,False,False,True
1726,39,buried,643,546,97,97,True,False,False
1726,40,buried,648,648,0,0,False,False,True
1726,41,buried,618,618,0,0,False,False,False
1726,42,buried,588,588,0,0,False,False,False
1726,43,buried,531,532,-1,1,True,False,False
1726,44,buried,487,497,-10,10,True,False,False
1726,45,buried,535,535,0,0,False,False,False
1726,46,buried,530,489,41,41,True,False,False
1726,47,buried,499,499,0,0,False,False,False
1726,48,buried,474,477,-3,3,True,False,False
1726,49,buried,478,478,0,0,False,False,False
1726,50,buried,502,502,0,0,False,False,False
1726,51,buried,530,493,37,37,True,False,False
1726,52,buried,588,589,-1,1,True,False,False
1727,1,buried,548,548,0,0,False,False,True
1727,2,buried,571,571,0,0,False,False,False
1727,3,buried,709,709,0,0,False,False,True
1727,4,buried,566,566,0,0,False,False,True
1727,5,buried,558,558,0,0,False,False,True
1727,6,buried,559,559,0,0,False,False,True
1727,7,buried,634,634,0,0,False,False,True
1727,8,buried,748,748,0,0,False,False,True
1727,9,buried,889,888,1,1,True,False,False
1727,10,buried,850,850,0,0,False,False,True
1727,11,buried,927,927,0,0,False,False,False
1727,12,buried,733,733,0,0,False,False,True
1727,13,buried,645,645,0,0,False,False,True
1727,14,buried,548,548,0,0,False,False,True
1727,15,buried,513,512,1,1,True,False,True
1727,16,buried,452,452,0,0,False,False,True
1727,17,buried,476,476,0,0,False,False,False
1727,18,buried,489,484,5,5,True,False,True
1727,19,buried,452,452,0,0,False,False,True
1727,20,buried,480,480,0,0,False,False,True
1727,21,buried,424,424,0,0,False,False,True
1727,22,buried,458,458,0,0,False,False,True
1727,23,buried,433,433,0,0,False,False,True
1727,24,buried,461,461,0,0,False,False,True
1727,25,buried,388,388,0,0,False,False,True
1727,26,buried,367,377,-10,10,True,False,False
1727,27,buried,442,442,0,0,False,False,True
1727,28,buried,404,404,0,0,False,False,False
1727,29,buried,392,392,0,0,False,False,False
1727,30,buried,421,440,-19,19,True,False,False
1727,31,buried,430,430,0,0,False,False,True
1727,32,buried,325,425,-100,100,True,False,False
1727,33,buried,494,493,1,1,True,False,True
1727,34,buried,577,575,2,2,True,False,False
1727,35,buried,698,698,0,0,False,False,False
1727,36,buried,730,730,0,0,False,False,False
1727,37,buried,789,779,10,10,True,False,False
1727,38,buried,764,716,48,48,True,False,False
1727,39,buried,785,785,0,0,False,False,False
1727,40,buried,798,761,37,37,True,False,False
1727,41,buried,715,715,0,0,False,False,False
1727,42,buried,684,684,0,0,False,False,False
1727,43,buried,683,681,2,2,True,False,False
1727,44,buried,590,590,0,0,False,False,False
1727,45,buried,602,602,0,0,False,False,True
1727,46,buried,580,580,0,0,False,False,False
1727,47,buried,652,615,37,37,True,False,True
1727,48,buried,648,648,0,0,False,False,False
1727,49,buried,572,572,0,0,False,False,False
1727,50,buried,600,600,0,0,False,False,False
1727,51,buried,544,544,0,0,False,False,True
1727,52,buried,579,579,0,0,False,False,True
1728,1,buried,554,548,6,6,True,False,False
1728,2,buried,545,542,3,3,True,False,True
1728,3,buried,705,705,0,0,False,False,True
1728,4,buried,581,581,0,0,False,False,True
1728,5,buried,622,622,0,0,False,False,True
1728,6,buried,575,575,0,0,False,False,True
1728,7,buried,566,566,0,0,False,False,True
1728,8,buried,611,602,9,9,True,False,False
1728,9,buried,601,600,1,1,True,False,True
1728,10,buried,508,507,1,1,True,False,True
1728,11,buried,623,653,-30,30,True,False,False
1728,12,buried,612,612,0,0,False,False,False
1728,13,buried,619,619,0,0,False,False,True
1728,14,buried,580,580,0,0,False,False,True
1728,15,buried,496,496,0,0,False,False,True
1728,16,buried,486,486,0,0,False,False,True
1728,17,buried,466,466,0,0,False,False,True
1728,18,buried,495,495,0,0,False,False,True
1728,19,buried,463,463,0,0,False,False,True
1728,20,buried,461,461,0,0,False,False,True
1728,21,buried,450,450,0,0,False,False,True
1728,22,buried,460,460,0,0,False,False,True
1728,23,buried,462,462,0,0,False,False,True
1728,24,buried,477,477,0,0,False,False,True
1728,25,buried,445,445,0,0,False,False,True
1728,26,buried,409,409,0,0,False,False,True
1728,27,buried,454,454,0,0,False,False,True
1728,28,buried,380,380,0,0,False,False,True
1728,29,buried,400,400,0,0,False,False,True
1728,30,buried,406,405,1,1,True,False,True
1728,31,buried,335,329,6,6,True,False,True
1728,32,buried,430,421,9,9,True,False,True
1728,33,buried,423,423,0,0,False,False,True
1728,34,buried,488,488,0,0,False,False,True
1728,35,buried,472,472,0,0,False,False,True
1728,36,buried,521,526,-5,5,True,False,False
1728,37,buried,525,525,0,0,False,False,True
1728,38,buried,562,562,0,0,False,False,True
1728,39,buried,489,475,14,14,True,False,False
1728,40,buried,536,536,0,0,False,False,False
1728,41,buried,540,536,4,4,True,False,True
1728,42,buried,527,527,0,0,False,False,True
1728,43,buried,513,504,9,9,True,False,True
1728,44,buried,485,485,0,0,False,False,True
1728,45,buried,512,510,2,2,True,False,False
1728,46,buried,477,477,0,0,False,False,True
1728,47,buried,497,488,9,9,True,False,True
1728,48,buried,490,490,0,0,False,False,True
1728,49,buried,483,483,0,0,False,False,True
1728,50,buried,504,504,0,0,False,False,True
1728,51,buried,581,581,0,0,False,False,True
1728,52,buried,734,734,0,0,False,False,True
1729,1,buried,707,707,0,0,False,False,False
1729,2,buried,710,708,2,2,True,False,True
1729,3,buried,628,628,0,0,False,False,False
1729,4,buried,544,544,0,0,False,False,False
1729,5,buried,601,591,10,10,True,False,False
1729,6,buried,567,555,12,12,True,False,False
1729,7,buried,608,607,1,1,True,False,True
1729,8,buried,518,518,0,0,False,False,True
1729,9,buried,577,575,2,2,True,False,True
1729,10,buried,554,545,9,9,True,False,True
1729,11,buried,535,535,0,0,False,False,False
1729,12,buried,555,555,0,0,False,False,True
1729,13,buried,573,572,1,1,True,False,True
1729,14,buried,549,549,0,0,False,False,True
1729,15,buried,1150,1160,-10,10,True,False,False
1729,16,buried,497,496,1,1,True,False,True
1729,17,buried,510,509,1,1,True,False,False
1729,18,buried,596,596,0,0,False,False,True
1729,19,buried,532,465,67,67,True,False,False
1729,20,buried,518,518,0,0,False,False,True
1729,21,buried,479,446,33,33,True,False,False
1729,22,buried,529,529,0,0,False,False,True
1729,23,buried,538,538,0,0,False,False,True
1729,24,buried,462,462,0,0,False,False,True
1729,25,buried,513,513,0,0,False,False,True
1729,26,buried,505,504,1,1,True,False,False
1729,27,buried,467,475,-8,8,True,False,False
1729,28,buried,413,413,0,0,False,False,True
1729,29,buried,420,427,-7,7,True,False,True
1729,30,buried,440,440,0,0,False,False,True
1729,31,buried,440,400,40,40,True,False,False
1729,32,buried,433,433,0,0,False,False,True
1729,33,buried,421,421,0,0,False,False,True
1729,34,buried,424,424,0,0,False,False,True
1729,35,buried,440,440,0,0,False,False,True
1729,36,buried,465,465,0,0,False,False,True
1729,37,buried,558,557,1,1,True,False,True
1729,38,buried,544,544,0,0,False,False,False
1729,39,buried,676,677,-1,1,True,False,False
1729,40,buried,593,593,0,0,False,False,True
1729,41,buried,666,666,0,0,False,False,True
1729,42,buried,654,651,3,3,True,False,True
1729,43,buried,590,590,0,0,False,False,True
1729,44,buried,544,523,21,21,True,False,False
1729,45,buried,564,564,0,0,False,False,False
1729,46,buried,603,603,0,0,False,False,False
1729,47,buried,908,908,0,0,False,False,True
1729,48,buried,993,991,2,2,True,False,False
1729,49,buried,783,782,1,1,True,False,True
1729,50,buried,635,634,1,1,True,False,True
1729,51,buried,678,678,0,0,False,False,True
1729,52,buried,779,779,0,0,False,False,False
1730,1,buried,504,504,0,0,False,False,True
1730,2,buried,501,501,0,0,False,False,True
1730,3,buried,474,474,0,0,False,False,True
1730,4,buried,444,444,0,0,False,False,True
1730,5,buried,571,571,0,0,False,False,True
1730,6,buried,480,480,0,0,False,False,True
1730,7,buried,538,538,0,0,False,False,True
1730,8,buried,637,637,0,0,False,False,True
1730,9,buried,520,520,0,0,False,False,True
1730,10,buried,481,481,0,0,False,False,True
1730,11,buried,493,493,0,0,False,False,True
1730,12,buried,479,479,0,0,False,False,True
1730,13,buried,455,455,0,0,False,False,True
1730,14,buried,479,479,0,0,False,False,True
1730,15,buried,482,484,-2,2,True,False,True
1730,16,buried,496,496,0,0,False,False,True
1730,17,buried,508,506,2,2,True,False,True
1730,18,buried,485,485,0,0,False,False,True
1730,19,buried,483,483,0,0,False,False,True
1730,20,buried,518,527,-9,9,True,False,False
1730,21,buried,450,450,0,0,False,False,False
1730,22,buried,491,491,0,0,False,False,True
1730,23,buried,504,513,-9,9,True,False,False
1730,24,buried,485,485,0,0,False,False,True
1730,25,buried,488,488,0,0,False,False,True
1730,26,buried,498,509,-11,11,True,False,False
1730,27,buried,436,436,0,0,False,False,True
1730,28,buried,477,477,0,0,False,False,True
1730,29,buried,439,439,0,0,False,False,True
1730,30,buried,431,431,0,0,False,False,True
1730,31,buried,414,413,1,1,True,False,True
1730,32,buried,448,448,0,0,False,False,False
1730,33,buried,463,463,0,0,False,False,True
1730,34,buried,439,439,0,0,False,False,False
1730,35,buried,404,396,8,8,True,False,False
1730,36,buried,461,461,0,0,False,False,True
1730,37,buried,447,447,0,0,False,False,True
1730,38,buried,472,472,0,0,False,False,True
1730,39,buried,544,544,0,0,False,False,True
1730,40,buried,543,543,0,0,False,False,True
1730,41,buried,526,525,1,1,True,False,True
1730,42,buried,478,478,0,0,False,False,True
1730,43,buried,503,493,10,10,True,False,True
1730,44,buried,573,573,0,0,False,False,True
1730,45,buried,422,422,0,0,False,False,True
1730,46,buried,472,472,0,0,False,False,True
1730,47,buried,494,494,0,0,False,False,False
1730,48,buried,457,456,1,1,True,False,True
1730,49,buried,436,436,0,0,False,False,True
1730,50,buried,455,455,0,0,False,False,True
1730,51,buried,479,481,-2,2,True,False,True
1730,52,buried,462,462,0,0,False,False,True
1730,53,buried,437,437,0,0,False,False,True
1731,1,buried,448,438,10,10,True,False,False
1731,2,buried,452,452,0,0,False,False,True
1731,3,buried,566,566,0,0,False,False,True
1731,4,buried,496,496,0,0,False,False,True
1731,5,buried,556,556,0,0,False,False,True
1731,6,buried,571,571,0,0,False,False,True
1731,7,buried,436,487,-51,51,True,False,True
1731,8,buried,462,462,0,0,False,False,True
1731,9,buried,450,450,0,0,False,False,True
1731,10,buried,375,375,0,0,False,False,True
1731,11,buried,410,409,1,1,True,False,True
1731,12,buried,446,446,0,0,False,False,True
1731,13,buried,472,472,0,0,False,False,True
1731,14,buried,475,475,0,0,False,False,True
1731,15,buried,433,433,0,0,False,False,True
1731,16,buried,458,459,-1,1,True,False,True
1731,17,buried,433,433,0,0,False,False,True
1731,18,buried,474,474,0,0,False,False,False
1731,19,buried,527,527,0,0,False,False,True
1731,20,buried,466,466,0,0,False,False,True
1731,21,buried,451,452,-1,1,True,False,True
1731,22,buried,428,428,0,0,False,False,True
1731,23,buried,479,479,0,0,False,False,True
1731,24,buried,456,456,0,0,False,False,True
1731,25,buried,453,453,0,0,False,False,True
1731,26,buried,441,441,0,0,False,False,True
1731,27,buried,445,445,0,0,False,False,True
1731,28,buried,412,412,0,0,False,False,True
1731,29,buried,361,361,0,0,False,False,False
1731,30,buried,408,408,0,0,False,False,True
1731,31,buried,404,404,0,0,False,False,True
1731,32,buried,436,436,0,0,False,False,True
1731,33,buried,469,469,0,0,False,False,True
1731,34,buried,458,458,0,0,False,False,True
1731,35,buried,485,485,0,0,False,False,True
1731,36,buried,534,544,-10,10,True,False,True
1731,37,buried,577,577,0,0,False,False,True
1731,38,buried,565,565,0,0,False,False,False
1731,39,buried,607,607,0,0,False,False,True
1731,40,buried,548,548,0,0,False,False,True
1731,41,buried,463,523,-60,60,True,False,True
1731,42,buried,539,543,-4,4,True,False,True
1731,43,buried,538,538,0,0,False,False,True
1731,44,buried,496,496,0,0,False,False,True
1731,45,buried,494,494,0,0,False,False,True
1731,46,buried,529,529,0,0,False,False,True
1731,47,buried,472,472,0,0,False,False,True
1731,48,buried,472,472,0,0,False,False,True
1731,49,buried,475,475,0,0,False,False,True
1731,50,buried,412,412,0,0,False,False,True
1731,51,buried,518,518,0,0,False,False,True
1731,52,buried,480,480,0,0,False,False,True
1732,1,buried,700,700,0,0,False,False,True
1732,2,buried,621,621,0,0,False,False,True
1732,3,buried,472,472,0,0,False,False,False
1732,4,buried,529,529,0,0,False,False,True
1732,5,buried,531,531,0,0,False,False,True
1732,6,buried,783,783,0,0,False,False,False
1732,7,buried,1588,1588,0,0,False,False,False
1732,8,buried,1166,1166,0,0,False,False,True
1732,9,buried,638,628,10,10,True,False,True
1732,10,buried,591,591,0,0,False,False,False
1732,11,buried,613,613,0,0,False,False,False
1732,12,buried,507,497,10,10,True,False,True
1732,13,buried,542,542,0,0,False,False,True
1732,14,buried,573,563,10,10,True,False,True
1732,16,buried,426,426,0,0,False,False,True
1732,17,buried,430,430,0,0,False,False,True
1732,18,buried,435,435,0,0,False,False,True
1732,19,buried,431,431,0,0,False,False,True
1732,20,buried,316,316,0,0,False,False,True
1732,21,buried,452,452,0,0,False,False,True
1732,22,buried,391,391,0,0,False,False,True
1732,23,buried,384,384,0,0,False,False,True
1732,24,buried,349,349,0,0,False,False,True
1732,25,buried,372,372,0,0,False,False,True
1732,26,buried,433,433,0,0,False,False,True
1732,27,buried,344,346,-2,2,True,False,False
1732,28,buried,328,328,0,0,False,False,False
1732,29,buried,359,359,0,0,False,False,True
1732,30,buried,374,374,0,0,False,False,True
1732,31,buried,328,328,0,0,False,False,True
1732,32,buried,369,369,0,0,False,False,False
1732,33,buried,407,407,0,0,False,False,True
1732,34,buried,347,348,-1,1,True,False,False
1732,35,buried,407,407,0,0,False,False,True
1732,36,buried,455,455,0,0,False,False,False
1732,37,buried,429,429,0,0,False,False,True
1732,38,buried,478,478,0,0,False,False,True
1732,39,buried,500,500,0,0,False,False,False
1732,40,buried,454,454,0,0,False,False,True
1732,41,buried,495,495,0,0,False,False,True
1732,42,buried,456,456,0,0,False,False,True
1732,43,buried,431,431,0,0,False,False,False
1732,44,buried,520,520,0,0,False,False,False
1732,45,buried,442,442,0,0,False,False,True
1732,46,buried,427,427,0,0,False,False,False
1732,47,buried,469,469,0,0,False,False,True
1732,48,buried,520,510,10,10,True,False,True
1732,49,buried,484,484,0,0,False,False,True
1732,50,buried,603,603,0,0,False,False,True
1732,51,buried,680,680,0,0,False,False,True
1732,52,buried,734,734,0,0,False,False,False
1733,1,buried,492,492,0,0,False,False,True
1733,2,buried,356,356,0,0,False,False,True
1733,3,buried,510,510,0,0,False,False,True
1733,4,buried,401,401,0,0,False,False,True
1733,5,buried,534,534,0,0,False,False,True
1733,6,buried,563,563,0,0,False,False,True
1733,7,buried,577,577,0,0,False,False,True
1733,8,buried,545,545,0,0,False,False,True
1733,9,buried,530,536,-6,6,True,False,True
1733,10,buried,497,544,-47,47,True,False,False
1733,11,buried,500,500,0,0,False,False,True
1733,12,buried,546,546,0,0,False,False,True
1733,13,buried,482,482,0,0,False,False,False
1733,14,buried,457,460,-3,3,True,False,True
1733,15,buried,1087,1097,-10,10,True,False,True
1733,16,buried,576,576,0,0,False,False,True
1733,17,buried,541,541,0,0,False,False,True
1733,18,buried,603,602,1,1,True,False,False
1733,19,buried,578,578,0,0,False,False,True
1733,20,buried,586,586,0,0,False,False,False
1733,21,buried,574,574,0,0,False,False,True
1733,22,buried,560,560,0,0,False,False,True
1733,23,buried,586,586,0,0,False,False,True
1733,24,buried,551,550,1,1,True,False,False
1733,25,buried,578,551,27,27,True,False,True
1733,26,buried,513,513,0,0,False,False,True
1733,27,buried,454,454,0,0,False,False,True
1733,28,buried,453,453,0,0,False,False,True
1733,29,buried,509,509,0,0,False,False,True
1733,30,buried,514,514,0,0,False,False,False
1733,31,buried,401,400,1,1,True,False,True
1733,32,buried,465,465,0,0,False,False,False
1733,33,buried,491,491,0,0,False,False,False
1733,34,buried,475,475,0,0,False,False,True
1733,35,buried,556,556,0,0,False,False,True
1733,36,buried,546,546,0,0,False,False,True
1733,37,buried,546,546,0,0,False,False,True
1733,38,buried,514,520,-6,6,True,False,False
1733,39,buried,540,540,0,0,False,False,True
1733,40,buried,503,503,0,0,False,False,True
1733,41,buried,495,495,0,0,False,False,True
1733,42,buried,482,482,0,0,False,False,True
1733,43,buried,421,421,0,0,False,False,True
1733,44,buried,525,525,0,0,False,False,True
1733,45,buried,448,448,0,0,False,False,True
1733,46,buried,507,506,1,1,True,False,True
1733,47,buried,447,447,0,0,False,False,True
1733,48,buried,486,486,0,0,False,False,True
1733,49,buried,489,489,0,0,False,False,True
1733,50,buried,458,458,0,0,False,False,True
1733,51,buried,434,434,0,0,False,False,True
1733,52,buried,394,394,0,0,False,False,True
1734,1,buried,451,451,0,0,False,False,True
1734,2,buried,421,421,0,0,False,False,True
1734,3,buried,429,431,-2,2,True,False,True
1734,4,buried,433,433,0,0,False,False,False
1734,5,buried,399,399,0,0,False,False,True
1734,6,buried,516,516,0,0,False,False,True
1734,7,buried,461,461,0,0,False,False,True
1734,8,buried,485,485,0,0,False,False,True
1734,9,buried,513,513,0,0,False,False,True
1734,10,buried,501,501,0,0,False,False,True
1734,11,buried,555,555,0,0,False,False,False
1734,12,buried,469,469,0,0,False,False,True
1734,13,buried,509,509,0,0,False,False,False
1734,14,buried,511,511,0,0,False,False,True
1734,15,buried,488,488,0,0,False,False,True
1734,16,buried,488,488,0,0,False,False,True
1734,17,buried,478,478,0,0,False,False,True
1734,18,buried,477,477,0,0,False,False,False
1734,19,buried,463,463,0,0,False,False,True
1734,20,buried,498,501,-3,3,True,False,True
1734,21,buried,481,481,0,0,False,False,True
1734,22,buried,534,534,0,0,False,False,True
1734,23,buried,489,489,0,0,False,False,True
1734,24,buried,516,516,0,0,False,False,True
1734,25,buried,530,530,0,0,False,False,True
1734,26,buried,510,511,-1,1,True,False,True
1734,27,buried,480,480,0,0,False,False,True
1734,28,buried,458,458,0,0,False,False,True
1734,29,buried,460,460,0,0,False,False,False
1734,30,buried,445,447,-2,2,True,False,True
1734,31,buried,488,478,10,10,True,False,False
1734,32,buried,463,463,0,0,False,False,True
1734,33,buried,521,521,0,0,False,False,True
1734,34,buried,470,470,0,0,False,False,True
1734,35,buried,558,558,0,0,False,False,True
1734,36,buried,547,547,0,0,False,False,True
1734,37,buried,573,573,0,0,False,False,True
1734,38,buried,638,638,0,0,False,False,True
1734,39,buried,593,593,0,0,False,False,True
1734,40,buried,528,528,0,0,False,False,True
1734,41,buried,515,515,0,0,False,False,True
1734,42,buried,510,510,0,0,False,False,True
1734,43,buried,558,558,0,0,False,False,True
1734,44,buried,462,454,8,8,True,False,True
1734,45,buried,514,514,0,0,False,False,True
1734,46,buried,494,494,0,0,False,False,True
1734,47,buried,498,498,0,0,False,False,True
1734,48,buried,461,461,0,0,False,False,True
1734,49,buried,458,458,0,0,False,False,True
1734,50,buried,459,459,0,0,False,False,True
1734,51,buried,490,490,0,0,False,False,True
1734,52,buried,468,467,1,1,True,False,True
1735,1,buried,446,446,0,0,False,False,True
1735,2,buried,494,497,-3,3,True,False,True
1735,3,buried,610,610,0,0,False,False,True
1735,4,buried,545,545,0,0,False,False,True
1735,5,buried,479,479,0,0,False,False,True
1735,6,buried,426,436,-10,10,True,False,True
1735,7,buried,487,487,0,0,False,False,True
1735,8,buried,488,488,0,0,False,False,True
1735,9,buried,522,522,0,0,False,False,True
1735,10,buried,536,536,0,0,False,False,False
1735,11,buried,683,683,0,0,False,False,True
1735,12,buried,627,627,0,0,False,False,True
1735,13,buried,566,566,0,0,False,False,True
1735,14,buried,559,559,0,0,False,False,True
1735,15,buried,563,563,0,0,False,False,True
1735,16,buried,496,497,-1,1,True,False,True
1735,17,buried,466,466,0,0,False,False,True
1735,18,buried,530,530,0,0,False,False,True
1735,19,buried,434,434,0,0,False,False,True
1735,20,buried,424,425,-1,1,True,False,True
1735,21,buried,413,415,-2,2,True,False,False
1735,22,buried,444,444,0,0,False,False,True
1735,23,buried,384,384,0,0,False,False,False
1735,24,buried,440,440,0,0,False,False,True
1735,25,buried,407,407,0,0,False,False,True
1735,26,buried,469,469,0,0,False,False,True
1735,27,buried,389,389,0,0,False,False,False
1735,28,buried,437,437,0,0,False,False,True
1735,29,buried,337,337,0,0,False,False,False
1735,30,buried,402,399,3,3,True,False,False
1735,31,buried,374,374,0,0,False,False,False
1735,32,buried,417,417,0,0,False,False,True
1735,33,buried,398,399,-1,1,True,False,False
1735,34,buried,374,374,0,0,False,False,True
1735,35,buried,412,412,0,0,False,False,True
1735,36,buried,390,390,0,0,False,False,True
1735,37,buried,412,412,0,0,False,False,True
1735,38,buried,433,433,0,0,False,False,False
1735,39,buried,453,453,0,0,False,False,False
1735,40,buried,508,508,0,0,False,False,True
1735,41,buried,482,482,0,0,False,False,True
1735,42,buried,464,464,0,0,False,False,True
1735,43,buried,479,479,0,0,False,False,True
1735,44,buried,455,455,0,0,False,False,True
1735,45,buried,507,507,0,0,False,False,True
1735,46,buried,438,438,0,0,False,False,True
1735,47,buried,538,538,0,0,False,False,True
1735,48,buried,522,522,0,0,False,False,True
1735,49,buried,508,508,0,0,False,False,True
1735,50,buried,462,462,0,0,False,False,True
1735,51,buried,473,473,0,0,False,False,True
1735,52,buried,424,424,0,0,False,False,True
1736,1,buried,564,563,1,1,True,False,True
1736,2,buried,452,452,0,0,False,False,True
1736,3,buried,548,553,-5,5,True,False,True
1736,4,buried,447,447,0,0,False,False,True
1736,5,buried,421,419,2,2,True,False,True
1736,6,buried,428,428,0,0,False,False,True
1736,7,buried,520,520,0,0,False,False,True
1736,8,buried,502,502,0,0,False,False,True
1736,9,buried,539,539,0,0,False,False,True
1736,10,buried,453,453,0,0,False,False,True
1736,11,buried,459,459,0,0,False,False,True
1736,12,buried,414,414,0,0,False,False,True
1736,13,buried,462,462,0,0,False,False,True
1736,14,buried,485,485,0,0,False,False,False
1736,16,buried,556,556,0,0,False,False,True
1736,17,buried,610,610,0,0,False,False,True
1736,18,buried,531,531,0,0,False,False,True
1736,19,buried,598,598,0,0,False,False,True
1736,20,buried,505,505,0,0,False,False,True
1736,21,buried,538,538,0,0,False,False,True
1736,22,buried,500,500,0,0,False,False,True
1736,23,buried,606,606,0,0,False,False,True
1736,24,buried,520,510,10,10,True,False,False
1736,25,buried,542,542,0,0,False,False,True
1736,26,buried,518,518,0,0,False,False,True
1736,27,buried,491,491,0,0,False,False,True
1736,28,buried,402,506,-104,104,True,False,False
1736,29,buried,545,555,-10,10,True,False,False
1736,30,buried,468,468,0,0,False,False,True
1736,31,buried,543,543,0,0,False,False,True
1736,32,buried,485,495,-10,10,True,False,False
1736,33,buried,439,442,-3,3,True,False,False
1736,34,buried,514,514,0,0,False,False,True
1736,35,buried,333,548,-215,215,True,False,False
1736,36,buried,549,549,0,0,False,False,True
1736,37,buried,564,574,-10,10,True,False,False
1736,38,buried,558,558,0,0,False,False,False
1736,39,buried,581,580,1,1,True,False,True
1736,40,buried,568,568,0,0,False,False,True
1736,41,buried,500,500,0,0,False,False,True
1736,42,buried,611,581,30,30,True,False,False
1736,43,buried,483,483,0,0,False,False,True
1736,44,buried,565,575,-10,10,True,False,False
1736,45,buried,540,536,4,4,True,False,False
1736,46,buried,513,513,0,0,False,False,False
1736,47,buried,476,476,0,0,False,False,True
1736,48,buried,450,450,0,0,False,False,True
1736,49,buried,463,463,0,0,False,False,True
1736,50,buried,558,558,0,0,False,False,True
1736,51,buried,463,459,4,4,True,False,True
1736,52,buried,536,536,0,0,False,False,True
1736,53,buried,496,496,0,0,False,False,True
1737,1,buried,583,582,1,1,True,False,True
1737,2,buried,493,493,0,0,False,False,True
1737,3,buried,548,542,6,6,True,False,True
1737,4,buried,554,554,0,0,False,False,True
1737,5,buried,607,607,0,0,False,False,True
1737,6,buried,632,632,0,0,False,False,True
1737,7,buried,493,493,0,0,False,False,True
1737,8,buried,513,512,1,1,True,False,True
1737,9,buried,569,569,0,0,False,False,True
1737,10,buried,674,674,0,0,False,False,True
1737,11,buried,504,504,0,0,False,False,False
1737,12,buried,562,562,0,0,False,False,True
1737,13,buried,468,468,0,0,False,False,True
1737,14,buried,540,540,0,0,False,False,True
1737,15,buried,403,403,0,0,False,False,True
1737,16,buried,417,417,0,0,False,False,True
1737,17,buried,408,408,0,0,False,False,True
1737,18,buried,425,425,0,0,False,False,True
1737,19,buried,508,508,0,0,False,False,True
1737,20,buried,456,456,0,0,False,False,True
1737,21,buried,501,501,0,0,False,False,True
1737,22,buried,486,486,0,0,False,False,True
1737,23,buried,488,488,0,0,False,False,False
1737,24,buried,499,499,0,0,False,False,True
1737,25,buried,447,447,0,0,False,False,True
1737,26,buried,471,471,0,0,False,False,True
1737,27,buried,465,465,0,0,False,False,True
1737,28,buried,409,409,0,0,False,False,True
1737,29,buried,486,496,-10,10,True,False,True
1737,30,buried,525,525,0,0,False,False,False
1737,31,buried,464,434,30,30,True,False,True
1737,32,buried,525,515,10,10,True,False,False
1737,33,buried,479,469,10,10,True,False,False
1737,34,buried,500,500,0,0,False,False,True
1737,35,buried,493,493,0,0,False,False,True
1737,36,buried,541,541,0,0,False,False,False
1737,37,buried,611,611,0,0,False,False,False
1737,38,buried,720,720,0,0,False,False,True
1737,39,buried,787,837,-50,50,True,False,False
1737,40,buried,861,861,0,0,False,False,True
1737,41,buried,770,758,12,12,True,False,False
1737,42,buried,687,687,0,0,False,False,True
1737,43,buried,551,551,0,0,False,False,True
1737,44,buried,674,672,2,2,True,False,True
1737,45,buried,553,553,0,0,False,False,True
1737,46,buried,597,597,0,0,False,False,True
1737,47,buried,658,657,1,1,True,False,True
1737,48,buried,326,516,-190,190,True,False,False
1737,49,buried,609,609,0,0,False,False,True
1737,50,buried,560,560,0,0,False,False,True
1737,51,buried,476,476,0,0,False,False,True
1737,52,buried,537,537,0,0,False,False,False
1738,1,buried,488,488,0,0,False,False,True
1738,2,buried,415,415,0,0,False,False,True
1738,3,buried,637,637,0,0,False,False,True
1738,4,buried,540,540,0,0,False,False,False
1738,5,buried,516,516,0,0,False,False,True
1738,6,buried,434,434,0,0,False,False,False
1738,7,buried,525,525,0,0,False,False,False
1738,8,buried,525,525,0,0,False,False,False
1738,9,buried,495,495,0,0,False,False,False
1738,10,buried,487,487,0,0,False,False,True
1738,11,buried,467,467,0,0,False,False,True
1738,12,buried,519,519,0,0,False,False,False
1738,13,buried,506,506,0,0,False,False,True
1738,14,buried,508,508,0,0,False,False,False
1738,15,buried,434,434,0,0,False,False,True
1738,16,buried,402,402,0,0,False,False,True
1738,17,buried,510,511,-1,1,True,False,True
1738,18,buried,452,443,9,9,True,False,True
1738,19,buried,454,453,1,1,True,False,True
1738,20,buried,471,470,1,1,True,False,True
1738,21,buried,480,480,0,0,False,False,False
1738,22,buried,406,406,0,0,False,False,True
1738,23,buried,400,400,0,0,False,False,True
1738,24,buried,518,521,-3,3,True,False,True
1738,25,buried,446,446,0,0,False,False,True
1738,26,buried,411,411,0,0,False,False,True
1738,27,buried,409,409,0,0,False,False,True
1738,28,buried,415,415,0,0,False,False,True
1738,29,buried,446,446,0,0,False,False,True
1738,30,buried,369,369,0,0,False,False,True
1738,31,buried,408,409,-1,1,True,False,True
1738,32,buried,371,371,0,0,False,False,True
1738,33,buried,373,373,0,0,False,False,True
1738,34,buried,472,472,0,0,False,False,True
1738,35,buried,411,411,0,0,False,False,True
1738,36,buried,432,432,0,0,False,False,True
1738,37,buried,476,476,0,0,False,False,True
1738,38,buried,477,477,0,0,False,False,True
1738,39,buried,466,466,0,0,False,False,True
1738,40,buried,411,411,0,0,False,False,True
1738,41,buried,472,472,0,0,False,False,False
1738,42,buried,376,376,0,0,False,False,False
1738,43,buried,534,532,2,2,True,False,False
1738,44,buried,523,523,0,0,False,False,False
1738,45,buried,505,505,0,0,False,False,True
1738,46,buried,604,584,20,20,True,False,False
1738,47,buried,649,649,0,0,False,False,False
1738,48,buried,723,725,-2,2,True,False,False
1738,49,buried,637,627,10,10,True,False,False
1738,50,buried,630,630,0,0,False,False,False
1738,51,buried,585,585,0,0,False,False,False
1738,52,buried,536,516,20,20,True,False,False
1739,1,buried,455,455,0,0,False,False,True
1739,2,buried,421,421,0,0,False,False,True
1739,3,buried,543,535,8,8,True,False,False
1739,4,buried,714,707,7,7,True,False,False
1739,5,buried,777,777,0,0,False,False,True
1739,6,buried,691,689,2,2,True,False,True
1739,7,buried,728,729,-1,1,True,False,True
1739,8,buried,853,791,62,62,True,False,False
1739,9,buried,780,773,7,7,True,False,False
1739,10,buried,795,794,1,1,True,False,True
1739,11,buried,771,773,-2,2,True,False,True
1739,12,buried,767,767,0,0,False,False,True
1739,13,buried,591,611,-20,20,True,False,True
1739,14,buried,754,754,0,0,False,False,False
1739,15,buried,621,618,3,3,True,False,False
1739,16,buried,485,485,0,0,False,False,False
1739,17,buried,542,542,0,0,False,False,True
1739,18,buried,521,520,1,1,True,False,False
1739,19,buried,533,527,6,6,True,False,True
1739,20,buried,484,484,0,0,False,False,True
1739,21,buried,549,549,0,0,False,False,False
1739,22,buried,477,477,0,0,False,False,True
1739,23,buried,497,486,11,11,True,False,False
1739,24,buried,464,464,0,0,False,False,True
1739,25,buried,455,455,0,0,False,False,True
1739,26,buried,485,485,0,0,False,False,True
1739,27,buried,418,418,0,0,False,False,True
1739,28,buried,457,457,0,0,False,False,True
1739,29,buried,419,419,0,0,False,False,True
1739,30,buried,375,395,-20,20,True,False,True
1739,31,buried,347,337,10,10,True,False,False
1739,32,buried,413,413,0,0,False,False,False
1739,33,buried,376,376,0,0,False,False,True
1739,34,buried,387,387,0,0,False,False,True
1739,35,buried,450,366,84,84,True,False,False
1739,36,buried,450,450,0,0,False,False,True
1739,37,buried,547,549,-2,2,True,False,True
1739,38,buried,444,444,0,0,False,False,True
1739,39,buried,460,460,0,0,False,False,False
1739,40,buried,437,427,10,10,True,False,True
1739,41,buried,487,477,10,10,True,False,True
1739,42,buried,498,500,-2,2,True,False,True
1739,43,buried,482,483,-1,1,True,False,True
1739,44,buried,465,465,0,0,False,False,False
1739,45,buried,512,492,20,20,True,False,False
1739,46,buried,540,540,0,0,False,False,True
1739,47,buried,481,481,0,0,False,False,True
1739,48,buried,534,490,44,44,True,False,False
1739,49,buried,627,617,10,10,True,False,False
1739,50,buried,593,603,-10,10,True,False,False
1739,51,buried,496,496,0,0,False,False,True
1739,52,buried,561,570,-9,9,True,False,True
1740,1,buried,989,979,10,10,True,False,True
1740,2,buried,521,518,3,3,True,False,False
1740,3,buried,457,457,0,0,False,False,False
1740,4,buried,463,523,-60,60,True,False,False
1740,5,buried,569,569,0,0,False,False,True
1740,6,buried,534,534,0,0,False,False,True
1740,7,buried,441,445,-4,4,True,False,False
1740,8,buried,539,539,0,0,False,False,False
1740,9,buried,524,522,2,2,True,False,False
1740,10,buried,550,419,131,131,True,False,False
1740,11,buried,571,539,32,32,True,False,False
1740,12,buried,660,660,0,0,False,False,False
1740,13,buried,564,564,0,0,False,False,True
1740,14,buried,624,624,0,0,False,False,True
1740,15,buried,1193,1174,19,19,True,False,False
1740,16,buried,786,788,-2,2,True,False,False
1740,17,buried,773,773,0,0,False,False,False
1740,18,buried,815,815,0,0,False,False,True
1740,19,buried,740,740,0,0,False,False,False
1740,20,buried,876,876,0,0,False,False,False
1740,21,buried,753,754,-1,1,True,False,False
1740,22,buried,801,811,-10,10,True,False,False
1740,23,buried,760,760,0,0,False,False,False
1740,24,buried,801,801,0,0,False,False,False
1740,25,buried,619,619,0,0,False,False,False
1740,26,buried,505,505,0,0,False,False,True
1740,27,buried,543,543,0,0,False,False,True
1740,28,buried,558,568,-10,10,True,False,False
1740,29,buried,436,436,0,0,False,False,False
1740,30,buried,447,447,0,0,False,False,False
1740,31,buried,436,451,-15,15,True,False,False
1740,32,buried,507,507,0,0,False,False,True
1740,33,buried,456,456,0,0,False,False,True
1740,34,buried,357,354,3,3,True,False,True
1740,35,buried,453,453,0,0,False,False,False
1740,36,buried,451,457,-6,6,True,False,False
1740,37,buried,347,347,0,0,False,False,True
1740,38,buried,442,452,-10,10,True,False,True
1740,39,buried,389,389,0,0,False,False,False
1740,40,buried,427,447,-20,20,True,False,False
1740,41,buried,436,428,8,8,True,False,True
1740,42,buried,415,415,0,0,False,False,False
1740,43,buried,465,459,6,6,True,False,False
1740,44,buried,506,506,0,0,False,False,False
1740,45,buried,447,447,0,0,False,False,True
1740,46,buried,464,467,-3,3,True,False,False
1740,47,buried,492,492,0,0,False,False,True
1740,48,buried,445,447,-2,2,True,False,True
1740,49,buried,518,520,-2,2,True,False,False
1740,50,buried,457,457,0,0,False,False,True
1740,51,buried,498,498,0,0,False,False,True
1740,52,buried,475,475,0,0,False,False,True
1741,2,buried,702,663,39,39,True,False,False
1741,3,buried,893,910,-17,17,True,False,False
1741,4,buried,760,672,88,88,True,False,False
1741,5,buried,819,822,-3,3,True,False,False
1741,6,buried,724,728,-4,4,True,False,True
1741,7,buried,675,705,-30,30,True,False,True
1741,8,buried,533,535,-2,2,True,False,True
1741,9,buried,675,675,0,0,False,False,True
1741,10,buried,641,605,36,36,True,False,False
1741,11,buried,686,682,4,4,True,False,False
1741,12,buried,670,673,-3,3,True,False,True
1741,13,buried,547,537,10,10,True,False,False
1741,14,buried,622,642,-20,20,True,False,False
1741,15,buried,632,669,-37,37,True,False,True
1741,16,buried,670,665,5,5,True,False,False
1741,17,buried,687,723,-36,36,True,False,False
1741,18,buried,580,580,0,0,False,False,False
1741,19,buried,632,616,16,16,True,False,False
1741,20,buried,495,491,4,4,True,False,False
1741,21,buried,587,587,0,0,False,False,False
1741,22,buried,573,563,10,10,True,False,False
1741,23,buried,598,602,-4,4,True,False,False
1741,24,buried,512,512,0,0,False,False,False
1741,25,buried,483,488,-5,5,True,False,True
1741,26,buried,536,540,-4,4,True,False,False
1741,27,buried,494,494,0,0,False,False,True
1741,28,buried,513,513,0,0,False,False,False
1741,35,buried,636,636,0,0,False,False,False
1741,52,buried,761,758,3,3,True,False,False
1742,1,buried,518,517,1,1,True,False,False
1742,2,buried,473,474,-1,1,True,False,False
1742,3,buried,616,606,10,10,True,False,True
1742,4,buried,497,488,9,9,True,False,False
1742,5,buried,481,481,0,0,False,False,False
1742,6,buried,473,467,6,6,True,False,False
1742,7,buried,520,516,4,4,True,False,False
1742,8,buried,432,432,0,0,False,False,False
1742,9,buried,413,413,0,0,False,False,False
1742,10,buried,464,474,-10,10,True,False,False
1742,11,buried,416,406,10,10,True,False,False
1742,12,buried,453,453,0,0,False,False,False
1742,13,buried,394,399,-5,5,True,False,False
1742,14,buried,478,478,0,0,False,False,False
1742,16,buried,585,585,0,0,False,False,True
1742,17,buried,618,617,1,1,True,False,False
1742,18,buried,554,576,-22,22,True,False,False
1742,19,buried,652,652,0,0,False,False,True
1742,20,buried,544,520,24,24,True,False,False
1742,21,buried,528,528,0,0,False,False,True
1742,22,buried,553,563,-10,10,True,False,True
1742,23,buried,521,641,-120,120,True,False,False
1742,24,buried,518,510,8,8,True,False,False
1742,25,buried,545,545,0,0,False,False,True
1742,26,buried,438,439,-1,1,True,False,False
1742,27,buried,450,450,0,0,False,False,False
1742,28,buried,556,549,7,7,True,False,False
1742,29,buried,339,342,-3,3,True,False,False
1742,30,buried,488,517,-29,29,True,False,False
1742,31,buried,407,407,0,0,False,False,False
1742,32,buried,368,432,-64,64,True,False,True
1742,33,buried,394,395,-1,1,True,False,True
1742,34,buried,344,344,0,0,False,False,False
1742,35,buried,329,323,6,6,True,False,True
1742,36,buried,417,416,1,1,True,False,False
1742,37,buried,452,460,-8,8,True,False,True
1742,38,buried,379,370,9,9,True,False,False
1742,39,buried,385,388,-3,3,True,False,True
1742,40,buried,389,404,-15,15,True,False,False
1742,41,buried,382,413,-31,31,True,False,False
1742,42,buried,391,388,3,3,True,False,False
1742,43,buried,467,467,0,0,False,False,False
1742,44,buried,422,421,1,1,True,False,False
1742,45,buried,407,384,23,23,True,False,True
1742,46,buried,374,376,-2,2,True,False,False
1742,47,buried,375,357,18,18,True,False,False
1742,48,buried,448,447,1,1,True,False,True
1742,49,buried,439,438,1,1,True,False,True
1742,50,buried,389,389,0,0,False,False,True
1742,51,buried,419,491,-72,72,True,False,False
1742,52,buried,544,525,19,19,True,False,False
1743,1,buried,378,378,0,0,False,False,True
1743,2,buried,404,404,0,0,False,False,True
1743,3,buried,481,481,0,0,False,False,True
1743,4,buried,543,543,0,0,False,False,True
1743,5,buried,405,405,0,0,False,False,True
1743,6,buried,431,436,-5,5,True,False,True
1743,7,buried,429,434,-5,5,True,False,True
1743,8,buried,537,537,0,0,False,False,True
1743,9,buried,503,513,-10,10,True,False,True
1743,10,buried,469,469,0,0,False,False,True
1743,11,buried,433,433,0,0,False,False,True
1743,12,buried,452,452,0,0,False,False,True
1743,13,buried,391,388,3,3,True,False,True
1743,14,buried,404,404,0,0,False,False,True
1743,15,buried,579,579,0,0,False,False,False
1743,16,buried,1003,1017,-14,14,True,False,False
1743,17,buried,1448,1447,1,1,True,False,False
1743,18,buried,1026,1026,0,0,False,False,False
1743,19,buried,629,625,4,4,True,False,False
1743,20,buried,537,537,0,0,False,False,False
1743,21,buried,499,423,76,76,True,False,False
1743,23,buried,330,330,0,0,False,False,False
1743,24,buried,456,466,-10,10,True,False,True
1743,25,buried,410,405,5,5,True,False,False
1743,26,buried,340,340,0,0,False,False,False
1743,27,buried,401,401,0,0,False,False,True
1743,28,buried,410,410,0,0,False,False,True
1743,29,buried,360,365,-5,5,True,False,False
1743,30,buried,338,339,-1,1,True,False,False
1743,31,buried,399,401,-2,2,True,False,False
1743,32,buried,351,330,21,21,True,False,False
1743,33,buried,355,354,1,1,True,False,False
1743,34,buried,400,400,0,0,False,False,True
1743,35,buried,361,361,0,0,False,False,True
1743,36,buried,404,404,0,0,False,False,True
1743,37,buried,387,387,0,0,False,False,True
1743,38,buried,423,415,8,8,True,False,False
1743,39,buried,484,484,0,0,False,False,False
1743,40,buried,464,464,0,0,False,False,True
1743,41,buried,511,511,0,0,False,False,True
1743,42,buried,508,518,-10,10,True,False,True
1743,43,buried,532,532,0,0,False,False,True
1743,44,buried,473,473,0,0,False,False,False
1743,45,buried,479,479,0,0,False,False,True
1743,46,buried,382,385,-3,3,True,False,True
1743,47,buried,411,401,10,10,True,False,True
1743,48,buried,398,398,0,0,False,False,True
1743,49,buried,366,366,0,0,False,False,True
1743,50,buried,425,425,0,0,False,False,True
1743,51,buried,398,404,-6,6,True,False,True
1743,52,buried,461,461,0,0,False,False,True
1744,1,buried,419,419,0,0,False,False,True
1744,2,buried,347,301,46,46,True,False,True
1744,3,buried,477,467,10,10,True,False,True
1744,4,buried,409,409,0,0,False,False,True
1744,5,buried,476,470,6,6,True,False,True
1744,6,buried,414,408,6,6,True,False,True
1744,7,buried,453,453,0,0,False,False,True
1744,8,buried,494,494,0,0,False,False,True
1744,9,buried,516,516,0,0,False,False,True
1744,10,buried,515,525,-10,10,True,False,True
1744,11,buried,430,430,0,0,False,False,False
1744,12,buried,513,513,0,0,False,False,True
1744,13,buried,497,494,3,3,True,False,True
1744,14,buried,381,382,-1,1,True,False,False
1744,15,buried,463,463,0,0,False,False,False
1744,16,buried,393,398,-5,5,True,False,False
1744,17,buried,423,423,0,0,False,False,True
1744,18,buried,431,432,-1,1,True,False,True
1744,19,buried,424,424,0,0,False,False,True
1744,20,buried,429,429,0,0,False,False,True
1744,21,buried,448,448,0,0,False,False,True
1744,22,buried,396,396,0,0,False,False,True
1744,23,buried,400,400,0,0,False,False,True
1744,24,buried,435,435,0,0,False,False,False
1744,25,buried,357,357,0,0,False,False,False
1744,26,buried,390,390,0,0,False,False,True
1744,27,buried,367,367,0,0,False,False,True
1744,28,buried,369,369,0,0,False,False,True
1744,29,buried,358,358,0,0,False,False,True
1744,30,buried,339,339,0,0,False,False,True
1744,31,buried,293,293,0,0,False,False,True
1744,32,buried,363,368,-5,5,True,False,True
1744,33,buried,362,362,0,0,False,False,True
1744,34,buried,359,359,0,0,False,False,True
1744,35,buried,328,328,0,0,False,False,True
1744,36,buried,322,322,0,0,False,False,True
1744,37,buried,340,342,-2,2,True,False,False
1744,38,buried,323,323,0,0,False,False,True
1744,39,buried,379,368,11,11,True,False,True
1744,40,buried,286,286,0,0,False,False,True
1744,41,buried,357,359,-2,2,True,False,True
1744,42,buried,369,369,0,0,False,False,True
1744,43,buried,372,514,-142,142,True,False,True
1744,44,buried,327,327,0,0,False,False,True
1744,45,buried,370,370,0,0,False,False,True
1744,46,buried,318,318,0,0,False,False,True
1744,47,buried,406,406,0,0,False,False,True
1744,48,buried,399,409,-10,10,True,False,True
1744,49,buried,410,410,0,0,False,False,True
1744,50,buried,415,415,0,0,False,False,True
1744,51,buried,389,389,0,0,False,False,True
1744,52,buried,431,431,0,0,False,False,True
1745,1,buried,600,600,0,0,False,False,False
1745,2,buried,562,562,0,0,False,False,False
1745,3,buried,454,439,15,15,True,False,True
1745,4,buried,555,555,0,0,False,False,False
1745,5,buried,637,637,0,0,False,False,True
1745,6,buried,774,714,60,60,True,False,False
1745,7,buried,651,651,0,0,False,False,False
1745,8,buried,577,514,63,63,True,False,True
1745,9,buried,660,659,1,1,True,False,True
1745,10,buried,728,609,119,119,True,False,False
1745,11,buried,709,659,50,50,True,False,False
1745,12,buried,618,618,0,0,False,False,False
1745,13,buried,581,631,-50,50,True,False,False
1745,14,buried,629,637,-8,8,True,False,False
1745,15,buried,1063,1031,32,32,True,False,True
1745,16,buried,364,365,-1,1,True,False,True
1745,17,buried,404,404,0,0,False,False,False
1745,18,buried,407,407,0,0,False,False,True
1745,19,buried,422,422,0,0,False,False,True
1745,20,buried,395,395,0,0,False,False,True
1745,21,buried,421,421,0,0,False,False,True
1745,22,buried,390,390,0,0,False,False,False
1745,23,buried,378,378,0,0,False,False,False
1745,24,buried,382,382,0,0,False,False,True
1745,25,buried,332,332,0,0,False,False,True
1745,26,buried,355,355,0,0,False,False,False
1745,27,buried,386,386,0,0,False,False,True
1745,28,buried,363,363,0,0,False,False,True
1745,29,buried,366,366,0,0,False,False,True
1745,30,buried,360,360,0,0,False,False,True
1745,31,buried,332,332,0,0,False,False,True
1745,32,buried,323,295,28,28,True,False,False
1745,33,buried,322,322,0,0,False,False,True
1745,34,buried,302,302,0,0,False,False,True
1745,35,buried,296,296,0,0,False,False,True
1745,36,buried,337,337,0,0,False,False,True
1745,37,buried,363,363,0,0,False,False,True
1745,38,buried,405,405,0,0,False,False,True
1745,39,buried,399,399,0,0,False,False,True
1745,40,buried,412,412,0,0,False,False,True
1745,41,buried,346,346,0,0,False,False,True
1745,42,buried,447,447,0,0,False,False,True
1745,43,buried,378,378,0,0,False,False,True
1745,44,buried,443,443,0,0,False,False,True
1745,45,buried,384,384,0,0,False,False,True
1745,46,buried,463,466,-3,3,True,False,True
1745,47,buried,378,379,-1,1,True,False,True
1745,48,buried,411,411,0,0,False,False,True
1745,49,buried,455,455,0,0,False,False,True
1745,50,buried,537,569,-32,32,True,False,False
1745,51,buried,498,524,-26,26,True,False,False
1745,52,buried,591,596,-5,5,True,False,True
1746,1,buried,479,480,-1,1,True,False,True
1746,2,buried,447,447,0,0,False,False,True
1746,3,buried,460,457,3,3,True,False,False
1746,4,buried,460,462,-2,2,True,False,False
1746,5,buried,589,601,-12,12,True,False,False
1746,6,buried,444,444,0,0,False,False,False
1746,7,buried,522,577,-55,55,True,False,False
1746,8,buried,464,463,1,1,True,False,False
1746,9,buried,394,402,-8,8,True,False,True
1746,10,buried,474,454,20,20,True,False,True
1746,11,buried,514,514,0,0,False,False,True
1746,12,buried,428,429,-1,1,True,False,False
1746,13,buried,492,486,6,6,True,False,False
1746,14,buried,492,509,-17,17,True,False,True
1746,15,buried,559,558,1,1,True,False,False
1746,16,buried,532,477,55,55,True,False,False
1746,17,buried,612,612,0,0,False,False,False
1746,18,buried,517,517,0,0,False,False,False
1746,19,buried,554,554,0,0,False,False,True
1746,20,buried,576,576,0,0,False,False,False
1746,21,buried,543,543,0,0,False,False,False
1746,22,buried,472,471,1,1,True,False,True
1746,23,buried,493,483,10,10,True,False,False
1746,24,buried,556,556,0,0,False,False,False
1746,25,buried,453,453,0,0,False,False,True
1746,26,buried,496,498,-2,2,True,False,True
1746,27,buried,405,405,0,0,False,False,True
1746,28,buried,470,474,-4,4,True,False,True
1746,29,buried,503,501,2,2,True,False,False
1746,30,buried,492,492,0,0,False,False,True
1746,31,buried,465,465,0,0,False,False,True
1746,32,buried,455,456,-1,1,True,False,False
1746,33,buried,404,404,0,0,False,False,True
1746,34,buried,455,446,9,9,True,False,True
1746,35,buried,491,491,0,0,False,False,False
1746,36,buried,454,454,0,0,False,False,False
1746,37,buried,535,559,-24,24,True,False,False
1746,38,buried,615,650,-35,35,True,False,False
1746,39,buried,512,537,-25,25,True,False,False
1746,40,buried,576,576,0,0,False,False,False
1746,41,buried,502,493,9,9,True,False,False
1746,42,buried,532,533,-1,1,True,False,False
1746,43,buried,500,500,0,0,False,False,True
1746,44,buried,498,460,38,38,True,False,False
1746,45,buried,505,510,-5,5,True,False,False
1746,46,buried,497,499,-2,2,True,False,False
1746,47,buried,512,512,0,0,False,False,False
1746,48,buried,559,559,0,0,False,False,False
1746,49,buried,554,557,-3,3,True,False,False
1746,50,buried,570,579,-9,9,True,False,False
1746,51,buried,470,470,0,0,False,False,True
1746,52,buried,519,505,14,14,True,False,False
1747,1,buried,485,485,0,0,False,False,False
1747,2,buried,381,386,-5,5,True,False,True
1747,3,buried,672,672,0,0,False,False,True
1747,4,buried,609,624,-15,15,True,False,False
1747,5,buried,544,544,0,0,False,False,False
1747,6,buried,609,618,-9,9,True,False,True
1747,7,buried,645,645,0,0,False,False,True
1747,8,buried,655,656,-1,1,True,False,True
1747,9,buried,568,568,0,0,False,False,True
1747,10,buried,642,642,0,0,False,False,False
1747,11,buried,602,602,0,0,False,False,False
1747,12,buried,597,597,0,0,False,False,True
1747,13,buried,490,490,0,0,False,False,True
1747,14,buried,565,565,0,0,False,False,True
1747,16,buried,433,433,0,0,False,False,True
1747,17,buried,532,532,0,0,False,False,True
1747,18,buried,446,437,9,9,True,False,False
1747,19,buried,445,413,32,32,True,False,False
1747,20,buried,503,503,0,0,False,False,False
1747,21,buried,465,484,-19,19,True,False,False
1747,22,buried,423,424,-1,1,True,False,False
1747,23,buried,401,401,0,0,False,False,True
1747,24,buried,445,447,-2,2,True,False,False
1747,25,buried,368,353,15,15,True,False,False
1747,26,buried,428,428,0,0,False,False,True
1747,27,buried,447,447,0,0,False,False,True
1747,28,buried,407,406,1,1,True,False,False
1747,29,buried,366,366,0,0,False,False,True
1747,30,buried,395,395,0,0,False,False,True
1747,31,buried,370,370,0,0,False,False,True
1747,32,buried,386,386,0,0,False,False,True
1747,33,buried,384,381,3,3,True,False,True
1747,34,buried,400,390,10,10,True,False,False
1747,35,buried,317,507,-190,190,True,False,True
1747,36,buried,449,449,0,0,False,False,True
1747,37,buried,488,488,0,0,False,False,True
1747,38,buried,572,562,10,10,True,False,True
1747,39,buried,301,572,-271,271,True,False,False
1747,40,buried,672,672,0,0,False,False,False
1747,41,buried,551,551,0,0,False,False,True
1747,42,buried,608,608,0,0,False,False,True
1747,43,buried,407,519,-112,112,True,False,False
1747,44,buried,542,542,0,0,False,False,True
1747,45,buried,509,509,0,0,False,False,False
1747,46,buried,539,537,2,2,True,False,False
1747,47,buried,485,485,0,0,False,False,True
1747,48,buried,525,525,0,0,False,False,True
1747,49,buried,520,520,0,0,False,False,True
1747,50,buried,554,554,0,0,False,False,True
1747,51,buried,531,530,1,1,True,False,False
1747,52,buried,536,533,3,3,True,False,True
1747,53,buried,548,548,0,0,False,False,True
1748,1,buried,418,408,10,10,True,False,True
1748,2,buried,384,384,0,0,False,False,True
1748,3,buried,461,461,0,0,False,False,True
1748,4,buried,470,470,0,0,False,False,False
1748,5,buried,444,444,0,0,False,False,False
1748,6,buried,486,486,0,0,False,False,True
1748,7,buried,448,448,0,0,False,False,True
1748,8,buried,494,504,-10,10,True,False,True
1748,9,buried,572,575,-3,3,True,False,False
1748,10,buried,515,515,0,0,False,False,True
1748,11,buried,473,473,0,0,False,False,False
1748,12,buried,509,509,0,0,False,False,True
1748,13,buried,511,511,0,0,False,False,False
1748,14,buried,502,502,0,0,False,False,True
1748,15,buried,532,532,0,0,False,False,False
1748,16,buried,472,472,0,0,False,False,True
1748,17,buried,400,400,0,0,False,False,True
1748,18,buried,487,487,0,0,False,False,False
1748,19,buried,480,480,0,0,False,False,True
1748,20,buried,421,420,1,1,True,False,True
1748,21,buried,449,449,0,0,False,False,False
1748,22,buried,434,434,0,0,False,False,True
1748,23,buried,448,448,0,0,False,False,True
1748,24,buried,452,452,0,0,False,False,True
1748,25,buried,434,434,0,0,False,False,True
1748,26,buried,395,395,0,0,False,False,True
1748,27,buried,360,360,0,0,False,False,False
1748,28,buried,378,378,0,0,False,False,True
1748,29,buried,346,336,10,10,True,False,False
1748,30,buried,304,304,0,0,False,False,True
1748,31,buried,306,306,0,0,False,False,True
1748,32,buried,327,327,0,0,False,False,True
1748,33,buried,354,354,0,0,False,False,True
1748,34,buried,331,331,0,0,False,False,True
1748,35,buried,343,343,0,0,False,False,True
1748,36,buried,343,343,0,0,False,False,True
1748,37,buried,351,351,0,0,False,False,False
1748,38,buried,356,356,0,0,False,False,False
1748,39,buried,319,363,-44,44,True,False,True
1748,40,buried,397,397,0,0,False,False,False
1748,41,buried,421,421,0,0,False,False,False
1748,42,buried,338,410,-72,72,True,False,True
1748,43,buried,457,457,0,0,False,False,True
1748,44,buried,489,489,0,0,False,False,True
1748,45,buried,484,482,2,2,True,False,False
1748,46,buried,437,437,0,0,False,False,False
1748,47,buried,409,409,0,0,False,False,True
1748,48,buried,410,412,-2,2,True,False,False
1748,49,buried,533,533,0,0,False,False,False
1748,50,buried,459,459,0,0,False,False,False
1748,51,buried,551,551,0,0,False,False,True
1748,52,buried,433,434,-1,1,True,False,False
1749,1,buried,550,550,0,0,False,False,True
1749,2,buried,459,460,-1,1,True,False,True
1749,3,buried,614,614,0,0,False,False,True
1749,4,buried,640,640,0,0,False,False,True
1749,5,buried,497,497,0,0,False,False,True
1749,6,buried,490,490,0,0,False,False,True
1749,7,buried,517,517,0,0,False,False,True
1749,8,buried,526,531,-5,5,True,False,False
1749,9,buried,438,438,0,0,False,False,True
1749,10,buried,507,501,6,6,True,False,False
1749,11,buried,458,458,0,0,False,False,False
1749,12,buried,475,475,0,0,False,False,True
1749,13,buried,488,475,13,13,True,False,False
1749,14,buried,483,483,0,0,False,False,False
1749,15,buried,646,646,0,0,False,False,False
1749,16,buried,593,593,0,0,False,False,True
1749,17,buried,518,518,0,0,False,False,True
1749,18,buried,506,506,0,0,False,False,True
1749,19,buried,362,362,0,0,False,False,True
1749,20,buried,606,606,0,0,False,False,True
1749,21,buried,540,540,0,0,False,False,False
1749,22,buried,468,468,0,0,False,False,True
1749,23,buried,545,544,1,1,True,False,True
1749,24,buried,464,454,10,10,True,False,True
1749,25,buried,473,473,0,0,False,False,True
1749,26,buried,443,443,0,0,False,False,True
1749,27,buried,394,394,0,0,False,False,True
1749,28,buried,499,499,0,0,False,False,True
1749,29,buried,411,407,4,4,True,False,False
1749,30,buried,394,394,0,0,False,False,True
1749,31,buried,422,422,0,0,False,False,True
1749,32,buried,359,359,0,0,False,False,True
1749,33,buried,471,471,0,0,False,False,True
1749,34,buried,424,424,0,0,False,False,True
1749,35,buried,442,442,0,0,False,False,True
1749,36,buried,438,438,0,0,False,False,True
1749,37,buried,493,493,0,0,False,False,True
1749,38,buried,621,621,0,0,False,False,True
1749,39,buried,552,551,1,1,True,False,True
1749,40,buried,572,570,2,2,True,False,True
1749,41,buried,491,491,0,0,False,False,True
1749,42,buried,494,494,0,0,False,False,True
1749,43,buried,538,538,0,0,False,False,True
1749,44,buried,473,473,0,0,False,False,True
1749,45,buried,490,490,0,0,False,False,True
1749,46,buried,463,463,0,0,False,False,True
1749,47,buried,521,523,-2,2,True,False,True
1749,48,buried,521,521,0,0,False,False,False
1749,49,buried,494,494,0,0,False,False,True
1749,50,buried,598,598,0,0,False,False,True
1749,51,buried,502,502,0,0,False,False,True
1749,52,buried,568,568,0,0,False,False,True
1750,1,buried,523,523,0,0,False,False,False
1750,2,buried,383,383,0,0,False,False,True
1750,3,buried,602,602,0,0,False,False,False
1750,4,buried,482,482,0,0,False,False,True
1750,5,buried,464,464,0,0,False,False,True
1750,6,buried,378,492,-114,114,True,False,False
1750,7,buried,470,470,0,0,False,False,True
1750,8,buried,540,536,4,4,True,False,False
1750,9,buried,566,566,0,0,False,False,True
1750,10,buried,551,525,26,26,True,False,False
1750,11,buried,534,534,0,0,False,False,True
1750,12,buried,480,480,0,0,False,False,True
1750,13,buried,427,427,0,0,False,False,True
1750,14,buried,459,459,0,0,False,False,True
1750,15,buried,467,467,0,0,False,False,True
1750,16,buried,481,481,0,0,False,False,True
1750,17,buried,462,462,0,0,False,False,True
1750,18,buried,474,474,0,0,False,False,False
1750,19,buried,424,424,0,0,False,False,True
1750,20,buried,377,377,0,0,False,False,True
1750,21,buried,482,482,0,0,False,False,True
1750,22,buried,395,395,0,0,False,False,True
1750,23,buried,394,394,0,0,False,False,True
1750,24,buried,400,399,1,1,True,False,True
1750,25,buried,412,412,0,0,False,False,True
1750,26,buried,385,386,-1,1,True,False,True
1750,27,buried,359,359,0,0,False,False,False
1750,28,buried,340,338,2,2,True,False,True
1750,29,buried,343,343,0,0,False,False,False
1750,30,buried,336,336,0,0,False,False,True
1750,31,buried,553,543,10,10,True,False,False
1750,32,buried,356,358,-2,2,True,False,True
1750,33,buried,288,358,-70,70,True,False,False
1750,34,buried,390,371,19,19,True,False,True
1750,35,buried,344,348,-4,4,True,False,False
1750,36,buried,395,395,0,0,False,False,False
1750,37,buried,432,432,0,0,False,False,True
1750,38,buried,429,433,-4,4,True,False,False
1750,39,buried,427,427,0,0,False,False,True
1750,40,buried,488,488,0,0,False,False,True
1750,41,buried,489,489,0,0,False,False,False
1750,42,buried,462,466,-4,4,True,False,False
1750,43,buried,498,464,34,34,True,False,False
1750,44,buried,478,476,2,2,True,False,True
1750,45,buried,445,445,0,0,False,False,True
1750,46,buried,528,508,20,20,True,False,False
1750,47,buried,560,560,0,0,False,False,True
1750,48,buried,444,444,0,0,False,False,True
1750,49,buried,488,478,10,10,True,False,False
1750,50,buried,502,502,0,0,False,False,False
1750,51,buried,501,500,1,1,True,False,False
1750,52,buried,478,473,5,5,True,False,False
1751,1,buried,444,442,2,2,True,False,True
1751,2,buried,429,425,4,4,True,False,True
1751,3,buried,423,423,0,0,False,False,True
1751,15,buried,518,519,-1,1,True,False,False
1751,16,buried,486,486,0,0,False,False,True
1751,17,buried,391,381,10,10,True,False,True
1751,18,buried,483,473,10,10,True,False,False
1751,19,buried,458,458,0,0,False,False,True
1751,20,buried,401,411,-10,10,True,False,False
1751,21,buried,398,390,8,8,True,False,False
1751,22,buried,461,461,0,0,False,False,True
1751,23,buried,405,405,0,0,False,False,True
1751,24,buried,352,336,16,16,True,False,False
1751,25,buried,437,442,-5,5,True,False,False
1751,26,buried,252,386,-134,134,True,False,False
1751,27,buried,383,378,5,5,True,False,False
1751,28,buried,298,298,0,0,False,False,True
1751,29,buried,334,336,-2,2,True,False,True
1751,30,buried,335,335,0,0,False,False,True
1751,31,buried,364,364,0,0,False,False,True
1751,32,buried,298,298,0,0,False,False,True
1751,33,buried,309,309,0,0,False,False,True
1751,34,buried,303,303,0,0,False,False,True
1751,35,buried,224,224,0,0,False,False,True
1751,36,buried,304,304,0,0,False,False,True
1751,37,buried,279,278,1,1,True,False,False
1751,38,buried,291,281,10,10,True,False,True
1751,39,buried,318,318,0,0,False,False,True
1751,40,buried,362,362,0,0,False,False,True
1751,41,buried,344,347,-3,3,True,False,False
1751,42,buried,317,311,6,6,True,False,False
1751,43,buried,373,373,0,0,False,False,True
1751,44,buried,292,292,0,0,False,False,False
1751,45,buried,358,358,0,0,False,False,True
1751,46,buried,358,358,0,0,False,False,True
1751,47,buried,319,319,0,0,False,False,True
1751,48,buried,395,395,0,0,False,False,False
1751,49,buried,493,493,0,0,False,False,False
1751,50,buried,338,338,0,0,False,False,True
1751,51,buried,408,408,0,0,False,False,True
1751,52,buried,431,431,0,0,False,False,True
1752,4,buried,430,430,0,0,False,False,True
1752,5,buried,397,397,0,0,False,False,True
1752,6,buried,467,435,32,32,True,False,False
1752,7,buried,449,443,6,6,True,False,True
1752,8,buried,447,447,0,0,False,False,False
1752,9,buried,577,465,112,112,True,False,True
1752,10,buried,452,452,0,0,False,False,True
1752,11,buried,481,481,0,0,False,False,True
1752,12,buried,438,418,20,20,True,False,True
1752,13,buried,441,441,0,0,False,False,True
1752,14,buried,477,477,0,0,False,False,False
1752,15,buried,516,457,59,59,True,False,False
1752,16,buried,471,471,0,0,False,False,True
1752,17,buried,500,500,0,0,False,False,True
1752,18,buried,431,425,6,6,True,False,True
1752,19,buried,397,389,8,8,True,False,False
1752,20,buried,458,456,2,2,True,False,False
1752,21,buried,421,421,0,0,False,False,True
1752,22,buried,414,418,-4,4,True,False,False
1752,23,buried,460,461,-1,1,True,False,False
1752,24,buried,456,456,0,0,False,False,False
1752,25,buried,452,452,0,0,False,False,False
1752,26,buried,415,415,0,0,False,False,False
1752,27,buried,421,421,0,0,False,False,True
1752,28,buried,380,380,0,0,False,False,False
1752,29,buried,353,353,0,0,False,False,True
1752,30,buried,390,390,0,0,False,False,True
1752,31,buried,340,339,1,1,True,False,True
1752,32,buried,331,341,-10,10,True,False,False
1752,33,buried,318,367,-49,49,True,False,True
1752,34,buried,316,316,0,0,False,False,True
1752,35,buried,350,350,0,0,False,False,False
1752,36,buried,297,297,0,0,False,False,True
1752,37,buried,371,371,0,0,False,False,False
1752,38,buried,328,327,1,1,True,False,False
